ax0,ay0,az0,gx0,gy0,gz0,ax1,ay1,az1,gx1,gy1,gz1,ax2,ay2,az2,gx2,gy2,gz2,ax3,ay3,az3,gx3,gy3,gz3,ax4,ay4,az4,gx4,gy4,gz4,ax5,ay5,az5,gx5,gy5,gz5,ax6,ay6,az6,gx6,gy6,gz6,ax7,ay7,az7,gx7,gy7,gz7,ax8,ay8,az8,gx8,gy8,gz8,ax9,ay9,az9,gx9,gy9,gz9,ax10,ay10,az10,gx10,gy10,gz10,ax11,ay11,az11,gx11,gy11,gz11,ax12,ay12,az12,gx12,gy12,gz12,ax13,ay13,az13,gx13,gy13,gz13,ax14,ay14,az14,gx14,gy14,gz14,label
0.17,0.09,0.63,-19.75,5.69,10.94,-0.29,-2.0,7.84,-32.13,-4.31,55.25,-8.92,-1.35,2.97,129.5,-334.06,-19.0,-10.4,-6.36,-15.13,15.94,-422.69,-233.63,-3.62,14.08,-8.45,112.69,583.19,-288.87,-14.5,16.6,14.9,-253.5,300.38,312.94,-10.64,-7.05,9.34,83.37,-163.75,316.06,-8.64,-6.27,-5.78,-87.0,-227.25,31.0,0.08,1.37,-8.05,3.37,-17.25,-128.0,1.99,2.73,0.48,14.31,34.5,-8.63,0.12,-0.73,0.98,-24.69,16.0,6.62,-0.5,-0.94,-0.01,-72.75,16.0,-3.31,-0.26,0.01,-0.16,-23.38,24.56,-8.75,-0.23,-0.11,0.3,-37.5,34.13,-14.56,0.01,-0.01,-0.06,-49.69,27.81,-15.25,circleCW
-2.98,0.54,5.1,-228.94,-11.12,128.19,-5.71,-6.47,-0.56,-77.0,-190.62,-30.69,-13.76,-1.63,-13.52,175.25,-237.75,-367.25,-2.24,13.61,-9.25,59.13,450.25,-343.63,-10.34,21.12,17.18,-103.31,373.13,399.06,-12.41,-5.05,12.51,96.25,-165.62,297.12,-8.18,-3.33,-5.91,53.87,-240.44,63.87,0.06,-1.7,-7.78,-8.13,-35.94,-115.44,2.01,2.12,-0.46,41.0,1.44,-40.75,0.87,0.08,0.53,-32.94,7.0,-12.06,0.11,-0.98,-0.63,-75.56,11.5,-8.94,-0.05,0.06,-0.31,-28.31,27.31,-8.19,-0.03,-0.37,-0.47,-63.5,44.25,-15.69,-0.22,0.09,-0.11,-58.06,54.81,-13.5,-0.42,0.32,0.49,-40.44,58.38,-5.19,circleCW
2.61,1.62,6.09,-125.19,26.56,44.88,-0.87,4.47,10.03,-245.25,-42.38,170.69,-10.83,-8.98,-1.2,-184.13,-146.5,-11.06,-15.12,0.23,-14.23,177.87,-269.19,-315.37,-7.94,6.25,-15.7,88.56,175.75,-359.37,-2.18,18.44,-0.75,357.81,490.88,20.75,-8.44,3.34,24.15,-137.37,70.12,374.5,-14.9,-4.44,-3.07,5.94,-217.87,156.5,-2.8,-3.41,-8.66,-54.88,-68.12,-70.81,1.86,4.78,-1.96,57.19,5.31,-58.81,0.91,1.12,0.94,-6.69,18.19,-19.37,1.05,-0.76,0.5,-33.19,6.19,-5.69,-0.16,0.94,-0.55,11.75,5.69,-3.56,-0.36,0.34,-0.29,-0.62,14.13,-16.0,-0.16,-0.07,-0.16,8.44,10.31,-17.37,circleCW
1.61,0.57,2.74,-53.25,41.44,33.56,-1.3,-2.26,5.44,-209.56,35.19,158.06,-7.95,-2.33,2.84,-44.5,-190.94,9.38,-19.05,4.47,-15.87,148.87,-448.56,-236.56,-1.86,8.25,-12.59,-50.56,231.19,-321.0,-3.78,22.14,7.31,256.0,460.25,199.62,-8.03,-3.29,11.7,14.94,-39.56,417.44,-13.55,-6.14,-3.8,-53.69,-217.13,30.75,-0.4,-0.49,-5.34,-74.5,-57.62,-158.25,1.57,4.39,-0.9,29.19,30.37,-29.63,0.06,0.84,0.96,19.75,17.81,-3.75,-0.56,-0.53,-0.01,-20.62,23.19,-17.0,-0.78,-0.2,0.13,-60.81,38.81,-38.19,-0.23,0.38,0.63,-48.69,51.44,-42.69,0.1,0.44,1.06,-17.0,47.19,-24.19,circleCW
2.51,1.22,1.98,-61.94,13.13,54.38,2.81,-1.63,5.53,-203.56,4.44,152.44,-10.7,-3.78,2.48,-26.62,-203.37,-60.12,-11.05,2.91,-8.45,-16.25,-450.87,-233.13,-6.25,9.05,-11.57,91.81,200.0,-319.56,-5.0,8.5,5.83,-191.88,429.06,227.56,-4.27,1.59,13.87,197.0,-116.75,384.13,-10.95,-3.04,0.08,-53.63,-192.5,43.56,-3.32,-2.42,-2.38,-56.06,-77.5,-114.31,1.55,3.92,-2.28,37.31,16.37,-46.81,1.04,1.22,-0.01,4.44,24.81,-9.94,0.07,-0.7,-0.31,5.62,12.56,0.81,-0.65,-0.4,0.16,-1.25,36.06,-5.5,-0.89,-0.87,0.52,-25.69,36.69,-28.69,-0.15,-0.07,-0.19,10.31,35.5,-43.69,circleCW
2.14,2.55,4.4,-119.25,17.31,122.44,-4.78,-7.19,3.29,-116.37,22.75,208.38,-10.9,-8.12,-13.74,-129.94,-232.75,-265.06,-10.17,5.17,-17.06,53.75,118.94,-448.19,2.25,18.88,5.8,184.37,414.25,251.5,-6.86,-2.86,16.04,119.31,-159.31,426.37,-15.37,-6.82,-4.83,-204.81,-300.5,-39.38,0.55,-0.2,-6.48,22.69,-25.88,-157.37,2.14,2.32,-0.45,-33.75,49.63,-18.12,-0.23,0.84,0.57,25.25,39.38,24.81,-1.07,-1.88,-0.32,-50.69,24.5,2.62,-0.75,-0.82,-0.43,27.87,33.75,-14.38,-0.34,-0.48,-0.21,4.37,38.38,-34.19,0.08,-0.13,1.33,-27.62,35.0,-35.56,-0.45,0.57,1.12,-46.31,14.75,-31.81,circleCW
-0.26,0.3,0.26,-13.38,-0.88,3.44,0.03,0.87,0.64,-22.0,-11.94,5.44,1.39,1.51,0.67,-126.81,-14.06,25.37,-0.16,2.36,7.42,-192.69,66.87,192.56,-9.23,-5.3,1.99,14.38,-116.37,83.81,-16.48,-2.55,-12.13,-41.31,-381.63,-356.31,-4.8,23.32,-2.7,17.19,316.12,-362.25,0.27,16.48,17.18,92.0,272.88,393.25,-9.13,-0.55,7.61,124.87,-182.25,329.38,-11.14,1.08,-2.94,-74.12,-236.5,21.75,-1.75,0.6,-4.4,64.62,-65.75,-125.69,1.34,3.1,-2.13,7.44,31.44,-73.62,1.41,1.53,0.08,-10.44,44.69,-22.81,-1.2,0.6,0.56,-56.81,28.38,5.94,-1.31,-0.29,0.28,0.75,15.31,1.25,circleCW
1.63,2.52,7.23,-180.87,102.56,219.56,-10.2,-2.59,4.42,27.06,23.25,158.94,-15.18,-0.74,-20.17,34.38,-301.44,-324.0,-6.18,8.8,-19.05,57.75,64.5,-449.69,-5.63,20.72,6.56,-114.12,502.0,130.87,-4.8,5.04,11.51,198.13,-72.69,384.0,-11.1,-4.62,-1.05,39.06,-181.75,147.81,-4.33,-2.1,-6.01,-110.37,-142.19,-131.06,0.98,1.26,-4.54,-53.75,-13.31,-122.13,1.07,2.24,-0.57,-17.69,28.87,-30.56,0.21,1.62,0.36,-22.19,11.38,7.0,-1.15,0.01,-0.56,-10.31,7.69,8.25,-0.93,0.83,-0.42,-16.12,15.94,-2.75,-0.73,1.2,-0.16,-98.5,23.56,-13.0,-0.86,1.82,-0.11,-80.62,39.38,5.81,circleCW
0.11,2.96,0.13,-55.63,-10.44,27.19,-2.73,2.62,7.12,-220.19,-36.38,151.56,-11.54,-2.58,0.79,-126.31,-351.44,101.94,-12.48,-7.78,-19.79,71.37,-464.87,-193.87,-2.0,3.6,-18.97,21.81,207.37,-394.87,-4.97,13.08,-9.58,131.81,470.81,195.31,-11.05,-4.93,13.76,54.56,-69.44,385.81,-5.7,-2.93,-6.37,-21.62,-268.5,25.62,-0.24,3.45,-7.51,47.94,-16.12,-72.75,-0.09,2.69,-0.25,-5.5,42.69,-31.94,-0.82,0.15,1.32,-61.75,42.0,-25.31,-1.19,0.34,-0.89,-54.81,66.31,-26.44,-0.64,-0.57,-1.32,-132.5,99.25,-40.75,-0.91,-0.21,0.09,-154.87,87.69,-58.0,-1.79,1.6,0.55,-44.19,79.87,-39.81,circleCW
-0.22,3.96,1.61,-120.19,2.19,62.06,-8.88,-8.05,3.86,-201.94,-92.06,136.44,-8.0,-5.36,-3.43,-19.5,-428.0,-43.63,-8.03,-1.17,-14.36,68.31,-337.38,-317.06,-0.12,5.23,-12.29,90.75,418.37,-386.31,-10.57,33.18,10.74,-9.56,399.25,219.81,-21.51,-3.28,11.29,-84.81,-7.0,364.19,-7.48,-2.08,-3.85,73.5,-256.87,127.94,0.58,0.96,-10.16,-112.81,-142.19,-99.75,-0.77,5.05,-1.4,81.19,23.5,-29.63,-0.75,0.56,1.83,-97.56,55.69,-18.87,0.0,-0.63,-0.61,-38.56,33.5,-8.31,-0.24,0.01,-2.38,-64.12,58.81,-17.75,-0.07,1.25,-1.16,-119.37,99.44,-43.75,-1.14,-0.42,-1.77,-148.75,143.06,-37.5,circleCW
-0.77,3.47,2.73,-77.37,-47.69,49.75,-2.31,0.52,6.01,-147.0,-121.69,118.44,-12.01,-4.66,0.05,-80.87,-371.44,-55.63,-9.33,-3.68,-9.87,111.62,-365.06,-306.69,0.0,8.71,-20.62,1.56,362.31,-379.63,-13.31,24.02,3.04,173.0,528.88,245.81,-20.94,-8.78,17.33,-6.56,-57.69,379.69,-8.62,-4.1,-2.03,-67.69,-267.69,126.25,0.96,-1.13,-10.89,-130.31,-114.19,-198.13,0.04,6.5,0.77,84.69,34.44,-61.37,-0.01,1.53,2.26,-54.44,28.44,-12.25,-0.55,0.18,0.04,-75.19,7.87,2.25,-0.32,-0.27,-0.94,11.5,10.19,1.31,-0.1,-0.46,-0.43,-2.81,16.81,-13.06,-0.29,0.08,0.55,-22.0,22.31,-13.56,circleCW
0.28,0.31,-0.39,4.94,6.56,5.12,0.54,2.28,-0.59,-5.0,7.69,2.06,0.74,-4.64,1.97,18.69,35.88,42.62,-17.0,21.65,10.7,-109.87,-83.87,-46.06,-4.01,10.73,-14.63,-33.56,-596.25,-157.5,2.92,-3.4,-6.65,-77.12,201.81,71.25,-0.57,-2.59,-1.72,230.31,102.56,28.94,-0.39,1.87,2.5,37.44,92.44,23.44,-2.0,0.26,2.91,41.19,33.81,21.0,-1.27,0.33,0.71,18.06,-0.62,3.5,-0.4,-0.3,0.23,9.94,4.12,-6.75,-0.09,-0.13,0.08,-4.0,8.0,-14.0,0.19,-0.12,-0.11,16.19,3.12,-4.75,-0.03,-0.4,-0.21,-1.87,4.56,-4.81,-0.18,-0.1,0.1,-1.06,6.5,-2.5,leftSwap
0.33,-0.39,-0.87,-6.56,14.44,17.0,1.73,-0.7,1.06,106.06,87.62,29.37,-13.52,16.14,10.64,-288.69,-94.25,-26.87,-3.84,-0.48,-5.54,-151.0,-588.5,-173.94,0.69,0.72,-12.62,32.94,186.06,31.31,-0.68,-0.18,-0.8,152.44,238.0,60.81,-1.79,-1.37,4.61,30.12,113.5,60.88,-1.99,1.0,3.59,51.25,19.31,13.69,-0.97,0.67,0.78,25.81,-7.19,-5.56,-0.17,-0.24,0.1,-16.87,-0.13,-12.44,0.1,-0.5,-0.05,-4.87,1.12,-10.81,0.04,0.22,-0.2,29.12,-7.25,2.56,0.29,-0.44,-0.33,-13.38,0.0,1.56,-0.4,-0.63,-0.01,-6.75,7.75,-1.44,-0.13,-0.23,0.12,8.13,1.31,-2.37,leftSwap
0.32,-0.35,-0.67,3.81,12.25,4.69,0.47,-0.63,-0.29,29.87,41.44,10.75,-8.26,14.13,18.48,86.12,50.5,-18.69,5.02,-8.05,-3.65,-500.25,-395.63,-236.87,-1.55,2.09,-20.56,-97.5,5.69,25.81,-0.57,-1.17,-3.13,190.81,249.94,59.44,-1.48,2.46,4.36,36.88,145.0,38.13,-1.04,2.05,3.71,131.63,51.31,14.87,-0.76,0.2,1.06,40.94,2.25,0.94,-0.47,-0.43,0.37,-3.19,-3.75,-5.94,0.13,-0.13,-0.1,-16.75,0.62,-11.94,-0.13,-0.41,-0.01,10.94,-2.06,-4.87,-0.04,-0.54,0.02,-1.12,-0.75,-5.19,-0.1,-0.31,-0.09,3.0,2.31,-3.94,-0.02,-0.25,-0.07,-1.25,0.37,-3.12,leftSwap
0.13,-0.15,-0.14,-4.25,7.75,7.19,2.44,0.26,-0.01,-20.62,38.94,8.94,-2.81,-0.83,5.47,162.31,98.37,15.56,-9.01,2.08,-0.96,-148.5,-373.19,34.56,-2.38,-3.66,-15.83,-155.19,-302.87,34.63,2.57,-2.61,-2.84,42.81,239.81,40.19,-1.96,0.31,-0.59,4.81,198.38,20.62,-1.56,-2.9,0.49,59.75,75.56,40.5,-0.9,0.56,0.36,81.56,10.31,10.0,-0.92,0.21,0.42,9.19,1.12,-4.37,-0.13,-0.12,-0.12,9.19,0.56,-10.0,0.32,-1.98,0.23,-17.87,-0.88,-6.62,0.07,-0.3,-0.2,3.5,-6.75,-0.69,-1.08,-0.26,-0.31,-8.63,-16.06,10.19,-0.54,0.49,-0.57,2.12,-21.5,7.62,leftSwap
-0.47,-2.55,-1.73,49.13,-5.5,-105.63,0.27,7.08,0.83,105.94,23.75,-154.12,-9.31,14.13,4.33,-3.75,-70.44,151.37,-8.68,-0.3,-3.24,-244.0,-144.37,525.19,-11.26,-3.89,-4.48,428.12,-75.31,54.88,-22.7,-8.63,1.81,645.44,-480.13,-340.44,1.48,0.48,-5.56,-152.69,238.19,36.5,-1.6,1.62,0.9,188.94,123.19,25.88,-0.99,0.41,-0.04,-15.38,115.56,7.81,-0.8,0.02,0.28,-19.87,92.69,14.69,-0.4,-0.74,-0.03,45.38,60.63,-12.75,-0.24,-1.79,-0.52,50.44,59.69,-37.19,0.86,-1.96,-1.24,1.75,43.13,-52.44,0.51,-0.18,-0.98,-9.81,34.63,-66.25,0.26,-0.11,-0.02,11.0,13.56,-52.88,leftSwap
0.63,-1.26,-0.79,3.31,5.19,19.06,0.42,4.42,11.11,27.75,95.38,-4.69,-7.49,3.26,6.3,-199.06,-334.31,277.0,-13.03,-10.4,-6.8,-279.13,-416.44,222.12,-1.52,-5.63,-5.75,97.37,61.13,-74.44,0.0,1.62,-0.67,80.87,49.5,-70.62,0.71,-0.62,-2.29,63.06,69.0,-57.13,-0.4,-0.45,-0.98,36.0,101.38,-66.31,0.74,-1.14,-1.86,24.69,94.31,-58.5,-0.19,-0.43,0.88,4.87,88.56,-44.44,-0.34,0.74,0.68,9.69,71.12,-28.06,-0.33,0.66,0.76,30.81,32.69,-15.13,-0.18,0.39,0.73,20.81,22.13,-9.94,0.14,-0.36,-0.15,1.81,10.0,-6.0,0.33,-0.21,-0.25,-3.06,7.81,-3.69,leftSwap
0.53,0.74,1.13,1.25,22.31,20.88,-3.1,13.73,14.79,-107.19,35.31,76.06,-2.27,-8.16,-4.83,-26.06,-457.38,-37.63,-2.14,-1.62,-15.21,-47.38,-63.69,-57.25,0.63,1.78,-2.87,93.5,131.0,-35.75,0.11,0.88,0.19,24.56,106.75,-18.44,0.1,0.39,-0.39,-38.69,106.31,-3.62,-1.45,-1.17,1.33,6.69,85.06,-9.0,-0.77,-0.46,1.22,33.94,37.75,-22.56,0.13,0.03,0.35,22.56,18.81,-27.81,0.33,0.86,0.74,13.88,12.5,-13.69,0.26,0.25,0.18,9.5,0.56,5.62,-0.05,-0.38,-0.07,-1.06,-0.88,7.62,0.03,-0.05,-0.05,-1.81,-0.62,7.75,0.42,-0.27,-0.34,1.06,-8.31,16.69,leftSwap
0.06,-0.06,-0.04,18.56,27.87,4.0,-0.25,-0.63,-0.13,17.0,34.88,7.5,-2.27,1.09,10.89,124.19,36.88,13.31,8.29,-5.77,4.22,-293.69,-351.81,-121.13,-4.26,3.2,-19.71,-201.37,-97.75,-13.56,2.52,-0.06,-5.56,207.87,180.06,36.63,-0.91,-0.62,-1.05,-23.94,152.94,2.87,-2.68,-0.99,2.06,33.44,142.62,3.87,-1.15,0.28,1.98,-23.81,67.62,3.37,-0.97,-0.49,1.12,48.13,5.69,1.69,-0.41,-0.59,0.1,17.87,-0.94,-7.12,-0.08,-0.33,0.18,2.25,3.75,-7.94,0.29,-0.27,-0.32,-3.5,0.31,0.13,0.2,-0.14,0.01,1.31,-3.5,1.94,-0.19,-0.25,-0.25,5.12,-1.06,2.62,leftSwap
-0.06,0.0,-0.05,-4.19,-8.5,11.94,0.55,-1.21,0.12,15.69,-16.44,32.0,0.76,-2.61,-0.17,174.06,-5.75,67.06,-9.52,10.8,1.11,56.94,-149.12,75.94,-3.78,-0.47,1.22,115.88,-552.94,-18.75,-1.77,-1.27,-10.71,-108.12,-22.37,53.19,1.61,0.12,0.18,134.37,200.75,22.56,-1.65,0.68,-4.41,-27.5,153.25,12.81,-0.22,-1.73,1.21,23.69,87.62,-16.37,0.39,-1.74,-0.8,-10.25,24.87,-28.62,0.74,-0.47,-0.03,-19.69,7.06,-42.88,0.35,-0.16,-0.31,12.69,12.06,-28.12,0.39,0.59,0.14,-20.56,26.06,-21.12,-0.43,0.31,-0.33,-24.75,11.38,-3.75,0.28,-0.43,0.13,-0.81,2.44,-0.75,leftSwap
-2.2,-1.46,10.03,-26.25,65.44,115.56,-15.53,-6.39,4.99,43.87,-481.13,-35.0,-4.38,-2.76,-10.5,-73.94,-396.63,-45.06,-1.64,-2.17,-11.59,23.38,213.37,23.56,-4.67,1.91,6.87,-89.81,308.44,-25.81,-2.84,-2.09,4.35,27.5,114.69,-26.25,-1.79,1.76,4.74,-13.62,45.75,-31.87,0.2,1.22,0.29,15.19,23.56,-5.94,0.05,-0.76,-0.86,-9.06,2.25,1.06,-0.14,-0.32,-0.09,-1.44,15.63,-2.75,0.17,-0.2,0.0,-3.25,17.62,-12.75,0.16,-0.47,-0.08,-4.37,21.0,-16.19,-0.01,-0.2,-0.01,-1.37,11.12,-10.13,0.18,-0.07,0.23,-2.94,8.94,-5.44,0.1,-0.25,0.14,0.31,-2.0,-4.06,leftSwap
-0.13,0.99,0.69,7.31,-33.75,50.5,-0.08,0.51,0.35,5.81,-55.31,95.75,-0.94,-1.01,0.88,-3.5,-26.31,103.62,-13.25,-1.36,8.91,-122.69,-163.12,131.69,-9.04,8.88,-6.37,284.25,-671.87,57.94,-5.0,-3.98,-11.24,-123.62,243.88,14.19,-0.88,2.23,3.73,-22.94,257.81,-51.19,-1.51,-2.71,3.1,-2.81,109.12,-44.88,-0.71,-0.05,1.75,-37.69,75.19,-45.31,-0.39,0.21,-0.62,0.88,58.0,-16.69,-0.32,-0.15,0.4,-9.19,30.5,-2.25,-0.49,-0.14,0.92,-8.88,29.37,0.5,-0.08,-0.22,0.14,-10.5,9.0,-5.06,-0.08,-0.24,-0.29,-12.44,11.0,-2.19,-0.03,-0.19,-0.27,-7.12,8.5,-2.0,leftSwap
-0.01,-0.66,-0.02,31.19,-14.25,6.5,0.56,-0.17,-0.07,102.69,-11.94,-0.56,2.12,-2.37,-0.01,259.12,18.87,-17.75,0.79,28.66,-29.03,1037.81,-196.12,164.75,-14.95,-11.64,0.49,-149.12,367.94,506.94,-13.38,-16.08,5.54,-127.44,-4.06,-3.37,0.02,-0.69,-2.6,-0.69,-111.94,-162.06,0.12,0.94,-1.01,10.88,-68.5,-127.25,0.17,1.33,0.73,20.88,-40.88,-105.06,-0.07,1.5,0.52,-23.31,-22.37,-86.75,0.16,0.89,-0.44,-230.62,-1.06,-90.62,-0.77,0.86,-0.57,-216.0,43.25,-69.37,-0.11,-1.48,0.26,-106.81,32.44,-25.0,0.24,-0.18,0.46,-17.94,12.25,-1.94,-0.3,-0.47,0.31,-3.69,6.5,0.81,upSwap
-0.15,-1.25,-0.03,98.75,-12.56,12.81,0.37,-1.64,-0.24,217.56,-21.62,4.25,2.75,2.06,-0.94,434.06,-75.0,-33.38,-5.63,13.95,-21.29,-119.19,329.56,293.56,-16.94,-3.57,-8.25,-184.19,312.81,438.63,-8.89,-3.58,2.66,2.12,-70.62,-71.06,-0.75,0.36,-1.05,42.56,-104.12,-130.56,0.26,1.04,-0.65,26.31,-79.69,-104.12,0.74,0.82,-0.43,1.12,-45.56,-84.13,0.51,0.32,0.63,-3.37,-29.5,-57.81,0.58,0.86,0.64,14.87,-20.25,-30.88,0.22,0.31,0.19,4.12,-3.37,-11.25,0.08,0.08,0.29,7.5,-0.94,-1.06,-0.35,-0.47,0.38,0.69,-2.06,-0.94,-0.55,-0.41,0.57,-4.0,-6.75,-7.37,upSwap
2.71,8.24,-3.28,259.25,-9.44,-37.31,-7.46,5.8,-2.2,-49.56,522.19,509.75,-23.39,-7.98,6.78,-72.25,151.19,195.31,-1.49,-0.84,-0.7,36.5,-129.87,-139.81,1.44,0.46,-1.9,-0.44,-56.88,-40.06,1.14,0.17,-0.3,-30.44,-3.87,-32.5,0.07,0.1,-0.13,-15.5,6.69,-18.25,-0.4,0.12,0.16,11.12,1.94,-16.06,-0.3,-0.1,0.09,1.56,0.81,-10.81,-0.19,0.29,-0.31,11.63,-4.19,-11.75,-0.01,-0.06,0.04,15.88,-7.81,-14.44,-0.25,-0.1,0.21,10.19,-8.13,-12.88,0.06,0.08,0.06,4.12,-8.75,-11.38,0.12,0.0,-0.02,-1.87,-5.87,-4.0,-0.07,-0.45,-0.12,-2.37,-0.94,-5.25,upSwap
-1.18,14.77,-10.98,203.19,61.56,155.75,-8.76,3.87,2.73,13.13,581.75,453.5,-19.77,-13.43,6.18,-38.0,106.25,86.31,-2.33,-2.41,-1.55,17.25,-137.94,-136.62,0.27,0.13,-1.05,0.88,-96.31,-96.25,-0.28,1.03,0.73,3.31,-61.19,-95.44,-1.01,1.0,0.08,16.75,-37.5,-79.69,-0.55,0.58,0.14,1.06,-39.5,-56.88,-0.61,0.34,-0.26,5.0,-43.81,-44.75,-0.36,0.1,-0.21,0.37,-33.31,-36.0,-0.29,0.23,-0.77,0.37,-20.25,-32.13,0.0,0.28,-0.75,-24.63,-9.5,-24.56,0.02,-0.51,-0.79,-35.69,-6.5,-20.5,-0.25,-0.71,-0.32,-15.69,-4.25,-18.69,-0.23,-0.53,-0.14,3.56,-2.69,-13.06,upSwap
0.47,-0.33,-1.55,143.0,-10.81,8.0,1.05,14.33,-14.33,205.19,32.06,115.81,-12.32,-0.86,6.82,-221.5,458.81,377.5,-14.86,-5.86,2.51,40.88,147.19,115.69,-1.12,-0.94,-1.1,-17.25,-108.37,-125.12,0.34,0.23,-0.33,40.31,-86.19,-100.31,0.88,1.83,-0.07,15.38,-61.5,-88.69,-0.59,-0.33,-0.24,11.56,-35.75,-76.5,-0.3,0.3,-0.3,11.5,-40.25,-56.88,-0.26,0.44,-0.28,-2.19,-27.25,-36.25,0.0,0.0,-0.43,4.56,-21.69,-24.75,-0.14,-0.39,-0.25,-9.81,-10.38,-19.56,-0.45,-0.23,0.09,-10.0,-10.19,-20.37,-0.41,-0.44,0.47,-23.56,-15.19,-33.44,-0.65,-1.75,0.44,-68.0,-15.25,-43.94,upSwap
8.38,13.84,-11.94,967.75,-80.94,271.56,-6.89,-4.17,1.37,-108.31,360.25,359.69,-12.11,-6.87,4.07,-67.31,98.31,91.63,-2.57,-2.14,-0.71,-35.0,-59.31,-100.0,0.33,0.19,-1.21,-15.31,-82.25,-109.12,0.58,0.46,-0.72,-50.0,-60.81,-113.44,-0.77,1.35,-0.33,-14.69,-35.81,-99.75,-0.13,-0.18,-0.32,4.87,-37.38,-82.88,-0.27,-0.22,-0.08,-10.63,-22.69,-71.44,-0.11,-0.7,0.27,-32.88,-15.06,-60.44,-0.01,1.01,-0.46,-60.06,-13.88,-60.5,-0.07,-0.54,-0.45,-58.44,-0.31,-53.31,-0.14,0.19,-0.26,22.81,1.94,-34.63,0.15,0.3,-0.31,48.69,0.25,-15.13,-0.13,0.41,0.1,12.75,0.69,-10.13,upSwap
1.48,26.03,-18.44,340.75,282.19,355.31,-12.25,-5.7,-4.43,-47.06,359.56,390.0,-8.25,-3.82,2.57,-38.13,-16.25,-16.5,-0.61,0.01,-0.32,-16.0,-95.62,-125.69,-0.67,1.04,0.02,-3.62,-62.62,-116.5,-0.27,1.08,0.26,-20.44,-24.56,-102.81,-0.04,1.27,-0.5,-42.06,-14.5,-84.75,0.12,-0.61,-0.02,-54.5,-12.75,-74.37,-0.25,-1.15,0.1,-44.69,0.44,-72.19,-0.44,0.19,0.47,15.5,2.0,-62.19,-0.58,1.34,0.06,-14.19,8.25,-49.31,0.11,-0.48,-0.22,-32.69,16.69,-40.12,-0.04,-0.74,0.16,-31.37,11.56,-41.0,-0.24,0.59,0.62,-14.81,11.69,-48.19,0.26,-0.27,0.36,-7.44,9.19,-57.19,upSwap
-0.04,0.49,1.77,88.06,-16.19,-50.31,3.27,18.83,-10.57,464.37,-104.5,146.25,-16.34,10.38,-8.15,24.19,658.87,505.69,-19.46,-8.69,3.62,-0.13,227.75,275.62,-6.67,-5.07,2.97,-62.81,-93.0,-61.75,-1.37,-0.52,0.29,-16.5,-127.69,-215.44,-1.06,0.68,-1.43,-121.87,-85.87,-220.37,-0.34,3.35,-0.74,-60.12,-65.19,-158.31,-0.96,1.12,-0.69,-6.37,-41.63,-129.81,-0.38,-0.28,0.93,-113.0,-17.94,-120.44,-0.12,0.77,0.24,-126.19,5.94,-122.19,-0.31,0.31,-0.27,-183.44,41.19,-120.87,-0.26,0.14,0.64,-65.44,31.06,-42.13,0.23,0.35,1.37,28.19,-4.94,3.12,0.04,0.15,0.36,-3.81,-8.69,16.75,upSwap
-6.01,20.8,-12.47,535.0,74.69,320.94,-20.21,-1.56,2.05,-138.69,528.69,485.63,-17.25,-10.41,6.37,-11.94,101.94,85.94,0.59,-2.27,-0.96,-81.37,-158.94,-167.37,-0.91,0.39,0.55,-22.44,-115.88,-185.88,-1.38,-0.87,0.28,-19.87,-91.69,-170.44,-0.68,0.02,1.09,-29.94,-70.94,-150.25,-0.72,0.48,1.52,-61.63,-44.56,-121.87,-0.7,2.44,0.35,-57.56,-20.56,-120.13,-0.16,-0.47,0.06,-132.12,2.37,-119.13,-0.03,0.55,-0.18,-116.44,11.81,-77.5,-0.05,-0.41,0.57,-55.06,12.88,-32.06,0.11,1.48,0.13,-20.31,6.31,5.0,0.08,-0.16,0.03,-19.31,3.56,16.0,0.09,-0.04,0.16,-13.13,3.81,9.5,upSwap
0.51,4.49,1.53,186.31,-39.88,-9.88,-5.12,14.05,-9.62,402.56,52.38,310.06,-19.91,-2.7,7.64,-173.87,610.94,549.69,-18.5,-6.25,8.87,106.37,117.13,95.31,2.99,-4.9,-2.64,-68.12,-151.56,-166.37,-0.59,-0.46,-0.59,-31.75,-98.0,-166.31,-0.7,1.62,-1.32,-8.88,-88.06,-129.63,-0.51,1.63,-1.28,-45.63,-60.0,-118.06,0.25,-0.23,-0.48,-4.0,-62.31,-95.31,0.36,-0.33,-1.36,-51.94,-30.0,-92.5,-0.03,-1.05,0.25,-48.56,-14.25,-72.12,0.1,0.15,0.35,-37.13,-11.38,-64.25,-0.25,-0.42,0.21,-70.5,0.25,-76.69,-0.09,0.89,0.59,2.31,-12.0,-40.44,-0.04,0.57,0.2,-35.13,0.75,-22.13,upSwap
0.0,0.69,0.35,57.94,-23.5,-18.31,0.29,6.04,-0.71,176.81,-60.12,36.31,-11.24,14.54,-6.66,395.0,199.12,412.0,-14.43,-2.55,3.76,2.81,410.56,444.69,-10.16,-7.23,6.56,-12.94,13.0,41.0,1.02,-1.32,-1.54,-37.81,-161.19,-151.25,-1.52,1.79,0.59,-29.75,-103.94,-138.56,-0.57,1.19,0.62,-9.25,-73.12,-107.94,-0.21,-1.22,0.69,-40.06,-35.25,-111.25,-0.79,-1.74,0.49,-82.06,-19.87,-115.0,-0.94,-0.08,0.52,-63.63,-24.63,-112.69,-0.62,1.37,0.64,-22.81,-18.06,-98.69,-0.16,0.37,0.21,-71.06,-8.5,-74.12,0.07,0.39,-0.13,-88.12,-5.0,-68.69,0.06,-0.02,0.0,-65.81,-1.44,-44.38,upSwap
-0.39,-2.13,1.05,107.12,-45.5,-20.88,-0.64,-2.28,-1.14,338.31,-103.75,-46.5,2.51,5.96,2.58,303.0,-179.94,-62.06,1.36,11.44,-17.95,-93.19,-26.81,223.25,-15.17,-4.24,-12.76,-217.87,427.44,280.25,-19.78,-10.84,-3.99,0.5,415.12,-4.81,-4.05,3.64,11.41,-5.5,73.56,-83.81,1.4,3.73,2.45,101.75,-73.0,-14.63,-0.07,-1.06,-1.1,-23.06,-32.38,5.25,-0.63,0.2,-0.74,-12.19,-20.5,-4.56,-0.31,-0.06,-0.31,15.0,-21.44,-11.38,-0.33,-0.26,0.1,23.44,-23.38,-17.12,-0.4,-0.17,-0.09,49.44,-32.25,-25.75,-0.55,0.35,0.52,64.12,-33.94,-32.25,0.24,0.23,0.76,75.62,-56.06,-28.44,leftArc
0.3,-2.16,1.35,122.06,-49.88,-24.0,4.2,6.31,-0.94,270.31,-171.37,-21.12,-4.85,6.32,-13.66,-207.06,240.06,269.25,-15.48,-4.99,-9.22,-294.69,423.31,257.0,-11.71,-7.13,-2.68,-40.31,288.94,52.44,-3.77,-0.02,7.64,-36.19,110.06,-96.19,0.29,1.0,3.89,19.44,-37.69,-79.25,0.39,0.39,-1.21,80.81,-69.69,-23.5,0.24,-0.01,-1.98,79.25,-63.0,-18.44,-0.48,0.55,-0.36,54.19,-33.63,-27.19,0.07,0.55,-0.14,64.06,-19.0,-27.81,0.0,0.01,-0.15,49.56,-14.19,-26.81,-0.18,-0.39,-0.73,95.62,-31.31,-31.87,0.12,-0.6,-0.61,99.87,-26.69,-36.94,-0.16,0.13,0.53,101.25,-32.69,-41.88,leftArc
4.14,3.31,2.05,99.25,-101.0,-2.81,-1.0,8.96,-10.04,-23.25,-26.44,136.75,-14.54,-2.94,-11.77,-318.81,449.69,266.19,-14.88,-14.93,-3.84,-130.25,337.25,163.44,-4.59,-1.47,3.93,-119.62,199.0,-119.19,-2.2,-0.76,6.05,-77.94,4.25,-139.62,0.98,1.4,-0.12,101.06,-77.69,-29.25,0.25,1.15,-1.51,39.13,-56.81,3.25,0.07,0.85,-1.06,58.81,-34.63,-7.44,-0.13,0.59,-0.06,65.62,-18.12,1.81,0.25,-0.03,-0.26,47.81,-15.38,-4.94,-0.13,-0.22,-0.27,70.56,-18.62,-7.69,-0.67,0.24,-0.01,82.81,-25.31,-9.75,-0.24,0.48,-0.19,101.56,-17.75,-10.81,-0.18,-0.56,-0.02,87.12,-30.69,-17.94,leftArc
1.13,-1.15,2.05,38.63,-35.88,-25.19,3.65,4.29,2.27,120.62,-169.06,-43.44,-4.61,7.74,-13.36,-119.44,2.44,145.38,-14.26,-2.54,-12.47,-339.88,443.94,258.0,-12.78,-9.86,-4.27,-258.0,401.44,102.44,-6.1,-1.15,4.21,-71.37,131.06,-5.94,0.93,2.74,4.79,102.75,-60.25,-18.5,0.18,-0.29,0.18,23.81,-49.75,8.06,0.16,-0.03,-0.94,8.81,-28.06,6.25,0.27,-0.39,0.21,3.81,-8.44,-2.37,0.07,-0.28,0.09,-13.69,-1.94,1.56,-0.35,-0.14,0.0,4.5,-0.81,0.19,-0.69,-0.7,0.06,14.38,-7.19,-2.94,-1.26,-0.38,-0.34,14.38,-17.12,-10.75,-1.51,-0.4,0.12,34.06,-14.44,-19.12,leftArc
1.34,-0.24,0.7,37.25,-27.81,-41.31,4.93,9.13,-1.8,290.62,-143.06,23.44,-5.68,2.94,-11.92,-208.5,164.62,242.19,-17.16,-7.29,-6.9,-223.38,471.63,247.56,-7.25,-9.95,2.16,-108.0,140.62,34.25,-0.73,2.78,3.57,-36.25,8.13,-67.87,-0.01,0.42,1.08,53.25,-12.13,-22.5,-0.24,0.22,-0.12,14.38,-18.25,-13.5,-0.58,-0.44,0.08,20.88,-14.31,-11.19,-0.5,-0.65,-0.58,64.44,-30.25,-19.56,-0.03,-0.3,-0.47,108.37,-40.75,-32.38,1.32,-0.06,1.09,143.25,-34.25,-40.69,1.12,-1.1,1.24,74.62,-12.31,-37.69,-0.16,-0.22,0.62,24.06,11.56,-58.75,-0.67,2.52,-1.49,94.25,23.5,-107.69,leftArc
1.76,-0.45,2.52,43.44,-43.63,-2.5,3.72,8.69,2.17,147.44,-126.81,59.63,-1.93,7.08,-10.76,-13.56,9.75,248.87,-17.26,-3.12,-14.84,-277.19,389.31,262.31,-12.04,-9.4,-3.24,-50.44,361.94,42.0,-9.58,-2.99,10.53,-75.69,206.56,-109.37,-2.33,2.69,7.36,80.5,-22.13,-39.13,0.75,1.29,-0.83,44.0,-76.87,-5.12,-0.02,-0.01,-1.08,-7.87,-42.44,-2.0,0.29,0.65,-0.68,30.31,-3.25,4.44,-0.19,0.42,-0.42,11.31,4.0,1.37,-0.65,-0.01,-0.15,42.13,-3.06,2.5,-0.56,-1.3,-0.81,75.44,-2.94,-11.94,-0.41,-0.84,-0.38,106.06,-2.69,-44.44,-0.27,0.17,-0.56,168.31,-27.5,-68.75,leftArc
2.32,0.93,3.48,74.25,-69.06,8.31,4.21,11.33,-3.67,91.56,-181.19,106.12,-7.42,0.45,-10.03,-94.69,158.5,271.75,-15.28,-12.37,-11.55,-304.69,375.62,167.69,-8.82,-5.46,5.74,54.13,276.12,-61.94,-2.7,5.98,9.0,64.87,28.56,-112.37,1.47,0.89,-0.23,24.06,-57.19,7.37,0.06,-1.92,-1.97,-5.0,-20.75,7.62,-0.33,-0.65,-0.97,15.13,-3.19,-6.69,-0.22,0.17,-0.03,11.81,-3.19,-8.0,-0.5,0.17,-0.21,19.75,-4.19,-5.69,-0.91,-0.59,-0.21,32.25,-7.25,-9.88,-0.48,-0.76,0.0,20.44,-14.31,-30.06,0.0,-0.23,0.02,-0.25,-29.81,-63.81,-0.22,0.83,-0.87,42.69,-34.44,-55.38,leftArc
2.29,2.8,2.06,172.87,-154.38,17.69,-1.6,11.4,-13.19,15.06,-65.06,214.56,-12.92,-0.88,-12.75,-216.44,375.69,267.31,-15.91,-13.66,-2.81,5.62,390.69,52.44,-6.65,-4.66,12.07,-55.69,127.75,-121.31,-0.79,1.24,4.18,-2.25,0.69,-43.31,0.72,0.69,-0.66,59.44,-51.06,-5.81,-0.34,-0.04,-0.96,33.56,-24.25,0.37,0.07,-0.22,-0.91,20.62,-4.19,-2.0,-0.62,0.59,-0.27,7.62,8.13,-7.31,-0.38,-0.36,-0.28,38.94,3.0,-8.31,-0.7,0.06,0.08,29.19,-3.19,-18.12,-0.3,0.37,-0.28,55.63,-5.87,-20.0,-0.25,-0.15,-0.84,30.31,-8.69,-21.81,0.01,-0.24,-0.86,50.12,-12.75,-22.87,leftArc
0.88,-0.6,1.99,58.56,-61.13,-5.31,2.88,2.06,3.02,159.19,-130.56,6.87,-4.31,9.35,-8.66,71.87,-144.81,120.06,-9.06,0.09,-12.19,-303.75,331.31,305.37,-11.5,-12.36,-8.59,-217.56,387.44,145.31,-6.38,-8.28,7.67,-44.31,149.0,-70.31,-1.75,1.79,6.48,60.94,14.06,-26.62,0.42,1.01,0.28,58.56,-44.06,-9.25,-0.51,0.24,-1.18,34.69,-29.06,5.5,-0.32,-0.95,-0.69,41.13,-14.87,12.06,0.01,-0.94,-0.46,95.06,-7.25,-2.31,-0.24,-0.29,-0.13,73.06,4.44,-28.19,-0.22,0.24,-0.22,112.44,-10.44,-17.56,0.2,0.01,0.22,83.06,-18.19,-14.13,-0.03,0.0,0.15,73.5,-13.81,-16.44,leftArc
2.93,6.83,-3.93,80.69,-205.31,118.25,-5.01,0.97,-11.44,-87.94,167.56,223.69,-14.65,-9.73,-7.66,-217.0,461.12,145.31,-6.08,-3.09,3.92,-85.62,267.62,-57.5,-3.53,-3.03,7.47,-93.25,100.5,-101.25,0.07,0.26,1.15,13.25,-26.62,-28.5,0.27,0.67,-0.32,20.19,-36.0,-2.0,0.15,0.37,-0.08,13.13,-12.0,5.69,-0.41,0.79,0.01,9.81,2.75,4.87,-0.27,0.25,-0.11,2.69,-7.44,-2.06,-0.48,0.63,-0.05,21.31,-11.31,-2.0,-0.61,0.0,-0.14,26.56,-12.88,-3.62,-0.37,-0.64,-0.42,44.38,-14.94,-12.63,-0.27,-0.64,-0.75,36.81,-7.25,-16.19,-0.37,0.08,-0.61,30.31,4.25,-10.63,leftArc
0.19,-1.05,-0.42,-23.69,12.81,-15.44,-0.56,-1.18,1.71,-25.0,-14.38,-39.19,2.9,3.58,0.31,119.75,-136.0,-44.44,-3.26,15.24,-14.5,60.94,254.13,237.56,-13.07,-5.06,6.99,36.75,265.06,297.37,-2.54,-5.84,3.19,63.69,-115.5,-103.44,1.2,-1.34,-2.23,-198.69,-75.5,-118.31,-0.43,1.44,-0.81,47.56,-37.06,-56.94,0.59,0.0,0.46,-29.12,-21.19,-38.94,0.29,0.26,0.16,15.75,-11.5,-19.81,-0.02,0.09,-0.07,1.62,-4.69,-9.75,-0.09,0.06,0.11,8.31,-1.31,-4.81,0.09,0.01,0.03,3.37,-7.0,-3.5,0.1,-0.19,-0.26,3.56,-7.81,-5.94,0.11,-0.19,-0.23,5.06,-7.44,-0.88,rightSwap
-0.12,0.02,2.19,0.81,-46.25,10.25,2.26,1.3,-0.72,46.81,-136.19,19.5,0.82,4.62,-10.97,70.94,-85.19,89.56,-12.71,-12.37,3.75,-70.19,504.62,223.44,-8.52,-9.91,8.51,90.56,-135.37,-59.94,-0.69,2.49,-1.23,-106.81,-115.62,-68.25,0.03,2.48,-1.47,47.44,-1.06,-17.69,0.27,-1.72,0.0,17.0,-11.88,-21.44,0.28,0.69,0.63,-13.88,-11.5,-29.12,0.15,0.2,0.28,2.06,-20.06,-13.56,0.5,0.08,0.04,-14.75,-21.25,-9.13,0.17,-0.3,-0.08,4.56,-22.44,-10.44,0.12,-0.32,-0.11,-13.62,-17.12,-11.5,0.2,-0.03,0.0,2.0,-13.38,-11.31,0.37,-0.73,-0.16,-0.44,-14.56,-16.69,rightSwap
1.45,0.44,-3.45,-13.88,-91.69,32.69,-2.21,6.91,-10.68,71.44,256.44,108.69,-8.17,-3.18,3.46,-23.94,319.81,203.56,-0.83,-2.22,4.24,124.06,-75.5,-39.13,-0.2,-0.6,0.0,-62.88,-84.19,-70.62,0.61,0.91,-1.29,45.44,-53.69,-15.13,0.64,-0.78,-0.7,2.5,-37.75,-12.37,0.05,-0.14,-0.17,-16.75,-29.75,-21.56,0.36,0.46,-0.07,-13.56,-30.5,-18.37,0.18,-0.12,-0.36,-2.62,-26.44,-12.75,0.26,-0.22,-0.27,4.62,-24.31,-4.81,0.29,-0.36,-0.33,-0.37,-10.56,-3.19,0.19,-0.35,-0.36,-1.25,-1.62,-4.19,0.15,-0.38,-0.22,-1.5,8.06,-9.63,0.36,-0.17,-0.15,-3.87,16.69,-16.69,rightSwap
-0.33,-0.18,-0.06,-17.06,-0.31,-18.31,-0.9,-1.6,-0.06,11.38,6.06,-74.94,0.62,-2.93,-1.23,-10.94,54.44,-145.38,-1.9,-0.35,-0.06,71.87,17.81,-75.31,-3.29,11.8,-5.0,28.19,-104.75,217.44,-9.44,-12.59,1.45,233.19,416.69,355.62,-7.09,-8.53,4.51,22.56,-213.0,-137.5,1.72,-2.42,-2.16,-171.69,-149.19,-104.5,1.12,0.59,-2.04,-54.63,-68.06,-80.5,0.42,-0.42,-0.12,-52.44,-9.06,-37.06,0.0,-0.39,0.13,-31.81,13.19,-32.81,-0.11,0.21,0.2,-28.5,10.25,-13.5,-0.24,-0.17,-0.33,-7.37,-2.06,-3.75,-0.22,-0.49,-0.28,-8.13,-7.44,-6.19,-0.07,0.21,-0.18,-1.81,-7.94,-0.81,rightSwap
-0.7,0.0,2.14,-11.38,-61.63,3.75,0.46,0.47,-0.63,10.0,-142.19,-11.0,-0.39,8.43,-15.04,121.31,7.62,89.25,-14.13,-1.84,7.8,163.5,600.81,203.81,-5.12,-1.96,5.72,224.31,-165.0,-37.44,-0.27,-3.12,-1.46,-250.62,-137.0,-107.5,0.25,-0.54,-2.76,-0.25,-112.31,-71.5,1.05,2.7,-0.69,-12.94,-43.5,-44.69,0.0,-0.4,-0.79,27.06,-30.94,-11.94,-0.16,-0.72,-0.83,-14.5,-22.94,-10.0,0.16,0.38,-0.71,-7.25,-5.81,-7.75,0.07,-0.02,-0.37,0.94,7.69,-0.75,0.02,-0.39,-0.13,-1.12,4.69,-0.37,-0.17,-0.09,-0.01,-6.0,3.0,-1.06,0.01,-0.14,-0.06,-0.88,3.12,0.37,rightSwap
-1.11,0.22,2.1,67.75,-68.0,26.31,2.17,4.81,-0.37,196.87,-154.06,65.62,-5.83,15.84,-14.31,165.94,15.06,362.38,-14.86,-13.75,-1.41,-52.13,361.37,334.56,-6.17,-7.92,3.07,56.13,-121.44,-109.25,-0.61,0.72,1.36,-45.12,-100.87,-185.63,0.16,0.94,-3.03,-20.06,16.56,-145.69,-0.37,2.06,-0.95,17.69,19.0,-116.31,-0.01,1.19,0.2,13.62,37.88,-97.69,-0.65,1.12,0.7,-12.13,45.81,-88.25,-0.29,-0.04,0.74,-25.12,26.06,-67.87,-0.63,0.29,0.46,-18.56,17.12,-56.94,-0.33,0.46,0.23,6.75,-2.94,-24.37,0.01,0.44,-0.01,0.69,-8.19,-3.5,0.07,0.32,-0.23,5.87,-5.81,10.69,rightSwap
-0.6,-0.74,1.9,60.31,-31.94,35.19,1.48,3.0,3.7,192.75,-145.44,68.44,0.18,9.62,-8.04,187.31,-207.0,145.69,-13.75,5.81,-18.99,-353.19,592.44,410.37,-12.02,-10.21,10.64,28.56,154.5,104.94,-1.18,0.45,1.24,43.56,-84.87,-169.5,-1.71,0.41,-1.24,29.19,-67.62,-154.87,0.63,0.56,-1.93,9.88,-21.75,-123.44,0.55,0.68,-0.2,24.12,1.62,-98.69,0.12,0.76,0.24,14.06,-1.19,-90.25,-0.07,1.03,0.37,1.37,9.81,-83.75,-0.37,0.84,0.2,5.19,3.12,-58.5,-0.09,0.91,-0.02,7.44,-3.06,-14.06,0.08,0.45,-0.12,7.5,-4.06,8.5,0.08,0.07,0.05,4.94,-2.87,14.25,rightSwap
-0.31,1.39,3.53,72.06,-92.5,72.94,2.18,5.57,-4.58,206.75,-192.69,105.63,-9.02,8.24,-11.87,76.0,280.94,325.25,-12.62,-7.88,4.96,-51.5,311.81,329.87,-3.92,-3.37,4.12,58.69,1.69,-83.56,-0.24,-3.39,0.76,-42.0,-67.94,-173.5,-0.98,1.38,-1.52,50.88,-57.06,-100.38,0.32,-1.02,-1.04,-13.06,-28.25,-87.56,0.65,0.53,-0.63,29.31,-23.75,-92.31,-0.87,0.79,0.03,-3.75,7.56,-94.62,-0.67,1.1,0.12,2.19,26.19,-78.87,-0.09,0.15,0.29,-9.69,23.38,-55.44,-0.23,0.63,0.41,-2.37,11.56,-38.63,-0.22,0.14,0.21,-2.69,1.87,-15.56,-0.08,-0.02,0.0,12.88,-6.69,1.12,rightSwap
-0.07,1.94,1.5,104.69,-183.56,116.94,1.93,4.14,-11.46,72.5,-191.37,152.5,-13.23,-2.84,-16.0,-303.37,590.0,312.06,-12.25,-10.1,7.08,69.44,98.87,74.06,-1.78,2.28,0.68,86.37,-62.5,-147.81,-0.72,-1.36,-0.67,12.19,-66.94,-153.56,-0.04,0.77,-1.21,5.81,-60.75,-119.56,0.24,1.08,-0.2,32.75,-27.81,-73.25,0.54,1.07,-0.2,12.06,-1.5,-60.44,0.13,0.72,-0.34,-11.19,10.88,-42.5,-0.35,0.19,0.03,-16.19,19.87,-31.62,-0.04,-0.24,0.2,-25.69,20.31,-28.12,-0.24,-0.04,0.17,-3.94,12.44,-24.63,-0.04,-0.09,0.03,-9.19,8.94,-15.88,0.01,0.14,0.03,8.0,1.81,-12.81,rightSwap
-1.23,0.15,2.81,49.25,-74.19,43.75,1.11,4.63,1.2,238.25,-214.0,116.37,-3.02,3.05,-13.84,130.69,-90.06,241.12,-13.81,-6.38,-8.96,-156.81,644.5,320.63,-13.87,-15.27,0.06,19.25,-65.75,-59.06,-0.65,4.95,0.77,-40.12,-59.5,-119.25,-2.41,0.98,-1.58,107.56,25.94,-76.06,-0.2,-2.53,-0.2,-33.81,-18.06,-111.0,0.04,0.13,0.06,-39.31,-20.5,-127.75,-0.32,0.03,0.08,-31.0,5.75,-126.56,-0.53,0.64,-0.67,13.75,8.38,-123.81,-0.74,0.81,-0.11,20.19,9.31,-102.12,-0.69,0.95,0.19,5.31,10.19,-71.44,-0.28,0.9,0.18,7.56,2.25,-22.37,0.03,0.68,0.07,9.75,-4.44,11.44,rightSwap
-1.21,1.3,3.09,6.0,-20.69,43.75,-0.5,1.79,1.6,76.25,-144.31,125.19,0.49,2.52,-5.68,130.19,-174.06,187.75,-3.47,6.13,-13.21,138.81,343.25,259.37,-12.71,-3.27,4.04,-2.75,266.44,162.5,-1.8,3.11,4.57,145.38,-96.69,-119.19,0.16,-1.3,-3.06,-45.06,-64.94,-95.62,0.19,0.31,-1.39,47.31,-22.69,-54.13,0.66,-0.96,0.11,-0.5,-12.25,-85.94,-0.13,-0.55,0.4,-17.12,-4.69,-124.62,-0.7,-0.15,0.62,24.69,-12.06,-139.75,-0.62,1.0,0.42,21.75,-24.94,-114.94,0.12,1.99,-0.35,26.87,-20.31,-60.12,0.27,1.37,-0.52,7.56,-5.75,-24.5,0.3,0.87,-0.12,-2.0,6.69,5.62,rightSwap
0.3,0.39,0.14,-12.0,3.0,1.69,-4.31,3.02,9.04,-197.69,-59.75,53.81,-3.52,-0.08,-3.26,-118.94,-391.63,81.94,-1.82,-3.96,-14.42,17.12,-112.44,-18.75,-13.2,9.96,-1.78,-124.56,690.81,-71.37,2.7,4.89,9.33,239.44,-94.06,-39.25,-0.76,-2.41,1.19,-71.37,-57.31,-5.31,-0.44,1.75,-0.67,79.69,-51.94,45.19,-0.04,-0.26,-0.12,20.37,-22.44,37.44,-0.27,0.14,0.03,28.62,-11.06,28.87,-0.39,-0.06,0.04,13.62,-1.37,8.94,0.0,-0.13,-0.09,5.5,0.94,1.31,0.01,-0.03,-0.08,0.06,-1.69,1.5,-0.08,0.07,-0.04,-0.06,-1.81,-0.06,0.11,0.0,0.01,5.44,-1.5,2.19,downSwap
-0.86,-0.21,0.54,-104.63,-195.25,29.25,-0.9,-0.08,-4.39,-40.44,-195.75,29.94,-0.03,-2.94,-11.86,-11.25,50.88,-20.0,-25.03,3.1,-8.45,-304.69,688.0,-16.56,2.15,2.98,9.86,197.56,-30.12,-17.31,0.69,-2.51,1.1,-32.06,-57.88,-13.06,-0.02,1.24,-0.29,65.62,-52.44,28.25,0.31,-0.14,-0.04,5.62,-37.69,27.69,0.0,-0.09,-0.37,21.69,-26.5,27.19,0.18,-0.89,-0.12,-6.87,-9.69,10.88,-0.02,-0.3,0.04,-11.0,-4.25,2.0,0.21,0.21,0.17,-1.0,-7.12,3.44,-0.24,-0.04,-0.09,0.81,-5.56,4.0,-0.09,-0.24,-0.02,-8.25,-3.69,4.12,-0.16,0.31,-0.09,2.69,-2.12,4.06,downSwap
-0.76,1.31,4.81,-50.88,-78.44,28.12,-2.27,2.15,2.0,-98.25,-231.81,69.37,-2.01,-0.32,-6.66,-52.69,-234.06,66.87,-4.2,-0.67,-12.73,2.5,68.81,-34.56,-4.86,23.4,1.79,-213.31,528.06,-99.94,0.79,3.52,8.06,171.87,1.19,-24.5,0.63,-1.61,2.56,-57.0,-26.56,-23.56,-0.24,0.67,0.05,63.87,-52.88,25.75,0.08,0.11,-0.76,-5.12,-32.63,19.31,-0.14,-0.31,-0.04,31.06,-22.81,20.62,0.29,-0.59,0.02,0.5,-5.69,4.69,-0.02,0.37,0.5,0.19,4.0,-0.19,-0.29,0.29,0.06,0.81,-4.75,0.13,-0.09,0.02,-0.16,4.44,-8.19,-4.0,-0.11,0.09,-0.11,-1.69,0.25,0.13,downSwap
-1.01,0.2,-2.59,-75.25,-339.44,103.31,-2.16,-8.46,-12.86,-54.75,-295.69,46.88,-7.66,-7.24,-6.98,94.56,684.75,-163.25,-8.9,-8.51,9.17,178.0,106.37,-43.63,0.68,4.35,3.73,-106.87,-25.75,-28.44,-0.64,-1.09,-1.23,48.81,-32.44,18.81,0.09,1.03,-0.64,-0.75,-17.81,11.25,-0.23,-0.07,0.01,19.19,-6.81,11.94,-0.21,0.01,0.1,-2.62,-9.13,-4.56,0.01,0.33,0.04,0.88,-0.37,0.81,-0.32,0.29,0.01,-2.06,-2.69,0.25,-0.28,0.42,-0.03,3.5,-0.19,2.0,-0.14,0.22,0.12,-0.56,-0.88,0.44,-0.05,0.43,0.01,1.62,-1.94,-0.37,-0.09,0.33,-0.05,3.31,-1.12,2.31,downSwap
-6.47,6.43,5.09,7.25,-141.88,95.69,0.08,-0.08,-3.39,-147.31,-375.81,130.87,-1.64,-6.68,-18.89,-32.13,-218.0,8.81,-8.09,5.49,2.02,90.06,709.5,-166.19,-9.65,1.29,4.66,172.94,105.94,-7.62,-1.96,3.99,5.89,-32.75,-14.25,12.88,-1.04,-0.2,-1.12,-49.19,5.87,1.37,0.57,0.36,-1.12,42.06,-6.37,-7.81,0.46,-0.28,0.16,-11.63,22.75,-0.13,-0.27,0.12,0.4,-10.56,10.5,-7.56,0.12,0.4,0.36,-10.31,-0.19,5.06,0.08,0.79,0.38,8.94,-1.56,1.69,0.11,-0.31,0.21,5.06,-1.62,3.12,-0.14,0.03,0.22,-1.94,0.56,0.94,-0.1,0.1,0.11,-3.12,0.37,-0.5,downSwap
-1.2,-3.76,-16.03,-81.25,-273.25,83.25,0.8,-7.0,-12.34,34.19,533.87,-118.13,-4.4,0.14,12.49,-2.25,262.0,53.56,-0.77,1.42,6.05,39.0,28.87,3.5,-0.45,-0.19,-0.48,-14.69,-15.63,-10.06,-0.6,0.96,-1.81,21.56,-25.62,5.94,0.29,0.0,-0.66,12.5,-3.5,-4.0,-0.37,0.53,-0.08,-1.25,12.63,-8.31,-0.31,0.56,-0.24,8.25,13.38,-5.69,-0.06,0.45,-0.3,9.75,16.94,-6.62,-0.23,0.17,-0.14,-0.44,21.31,-10.31,-0.18,0.41,0.09,4.69,18.31,-10.25,-0.59,0.36,0.13,-0.25,11.25,-6.81,-0.24,0.66,0.15,7.69,1.56,-2.44,-0.23,0.24,-0.1,0.69,-4.31,1.06,downSwap
-10.65,6.3,8.66,-6.62,-235.44,93.31,-1.09,-2.04,-6.73,-122.69,-436.31,98.37,-2.12,-5.9,-16.66,-43.31,-210.13,40.31,-5.98,10.26,-0.02,-13.25,574.31,-119.31,-4.55,-4.32,2.95,86.31,125.06,-21.19,-1.82,2.23,3.88,25.0,46.44,-1.87,-0.58,-0.9,-1.24,-4.87,57.69,-16.19,-0.3,-0.04,-0.27,28.94,22.31,-6.12,-0.09,0.06,0.54,0.81,23.69,-8.88,-0.28,0.62,0.56,-1.87,12.75,-7.81,-0.37,0.94,0.18,9.75,-2.0,-4.25,-0.45,0.71,-0.04,13.44,-2.31,1.19,-0.2,-0.44,-0.08,-0.5,-0.56,0.88,-0.28,-0.14,0.0,-1.81,0.56,-3.06,-0.25,0.18,0.03,0.31,0.31,-4.37,downSwap
0.49,1.03,-6.54,13.81,-65.94,17.56,-2.65,-4.2,-13.62,73.12,611.81,-70.06,-17.13,-0.27,8.42,-9.31,361.44,17.69,-2.12,0.92,5.53,140.12,24.06,-9.5,0.61,0.42,1.59,-14.13,-31.06,-16.56,-0.19,0.08,-1.45,10.69,-32.63,7.94,0.03,0.62,-0.43,4.94,-24.63,16.56,-0.25,0.08,-0.01,-4.81,-3.31,13.81,-0.31,-0.67,-0.12,-15.19,-6.87,1.81,-0.18,0.24,-0.14,-7.56,-5.44,-1.5,-0.11,0.38,-0.16,9.94,-1.44,-4.06,-0.13,0.32,-0.06,5.19,-0.5,-1.87,-0.17,0.06,-0.13,5.5,-1.0,-2.62,-0.19,0.13,0.0,1.81,0.5,-1.12,-0.24,0.08,0.07,-1.62,-0.13,-0.31,downSwap
-3.77,4.08,1.87,-39.94,-220.94,92.81,1.32,-0.53,-7.06,-18.62,-201.94,79.37,0.14,-3.27,-21.23,46.19,316.19,-83.87,-32.28,8.56,-2.44,-114.0,516.69,40.94,1.66,0.34,6.56,58.56,3.87,22.06,1.03,-0.45,0.42,-73.75,-21.0,-18.5,-1.09,-0.3,-1.6,-10.5,-21.0,-13.75,0.02,0.68,-0.32,25.94,-8.88,-2.69,-0.01,0.11,-0.16,-4.31,14.81,-2.75,-0.15,0.16,0.08,4.12,9.81,-3.94,-0.3,0.49,0.07,0.13,1.06,-5.31,-0.08,0.43,-0.15,6.69,-3.12,-3.06,-0.3,0.3,-0.02,1.56,4.69,0.94,-0.18,-0.01,0.08,-0.56,1.25,-0.37,-0.07,0.14,0.02,4.56,-3.56,-0.31,downSwap
-0.51,-0.78,-2.48,-17.37,-105.81,21.94,0.42,-1.47,-5.13,-24.81,-24.25,-10.81,-1.15,-0.59,-7.6,23.56,340.19,-36.81,-12.3,-9.35,-7.15,-189.75,445.5,110.56,-1.68,-1.85,5.54,70.94,51.31,-14.19,-0.44,0.51,2.1,4.0,-14.31,-21.75,-0.37,0.44,-1.09,18.12,-7.81,7.87,-0.48,0.24,-0.41,13.62,-11.12,-0.13,0.02,0.0,-0.27,3.25,4.94,9.81,-0.06,-0.13,-0.04,3.69,12.44,-7.37,-0.33,-0.12,0.08,3.19,15.88,-5.12,-0.43,0.54,0.0,15.38,16.31,-7.75,-0.26,0.02,0.08,7.19,15.25,-8.5,-0.04,0.3,0.04,9.44,16.06,-11.44,-0.12,-0.19,0.19,11.75,15.5,-7.44,downSwap
0.26,0.53,0.18,-21.25,0.44,-4.44,2.34,1.05,-0.43,28.75,32.75,44.0,3.14,4.38,7.54,-54.56,174.56,135.56,-9.09,-0.21,6.29,-241.31,-123.75,50.5,-19.63,-1.88,-14.03,150.94,-366.0,-37.56,-11.67,-4.67,-13.17,221.31,-276.5,-305.12,-3.48,7.52,-11.05,153.62,-130.12,-347.12,3.93,13.16,-1.04,30.88,-18.94,-60.94,0.37,1.26,-0.22,-49.5,23.87,76.31,-1.27,-3.07,-0.48,-26.69,28.44,53.63,-0.61,-1.25,0.02,-0.88,23.87,7.5,0.07,0.47,-0.5,-35.5,42.06,11.44,-0.28,0.3,0.48,-86.69,60.19,34.25,0.31,0.22,-0.02,-95.62,57.88,46.69,-0.59,0.04,0.18,-78.37,62.25,44.69,rigtArc
3.28,0.41,0.47,-5.75,94.5,59.88,-0.27,2.2,7.09,-106.63,204.19,122.13,-11.48,-7.73,7.35,-70.12,-172.19,-43.81,-13.14,-8.05,-6.15,404.69,-524.44,74.19,-4.51,-3.49,-8.27,91.0,-335.88,-193.31,3.66,5.79,-6.22,-10.56,-107.44,-173.94,3.29,6.32,-2.67,-22.75,-18.37,-12.19,-0.45,0.09,-0.42,-26.0,31.56,53.0,-0.54,-1.15,-0.07,-24.12,41.31,42.75,-0.63,-0.19,-0.59,-98.69,61.69,40.25,-0.56,0.5,-0.1,-142.5,99.06,45.81,-0.97,0.55,0.38,-156.12,110.88,47.81,-0.75,-0.95,0.04,-156.12,115.5,40.94,-1.37,0.56,0.15,-65.37,99.56,26.69,-0.77,-0.29,0.88,-19.75,49.63,25.94,rigtArc
1.05,1.49,3.45,-110.06,110.75,58.81,-5.34,0.32,9.79,-100.5,64.5,89.37,-10.9,-5.95,-4.63,127.0,-295.88,-131.0,-10.04,-9.53,-8.79,60.88,-343.37,-223.94,-1.48,3.91,-7.55,-87.0,-33.0,-359.12,1.29,11.7,-0.72,68.31,37.5,-111.62,0.55,4.02,1.71,-47.06,5.37,43.69,-1.04,0.25,-0.51,-19.87,-13.13,91.63,-0.79,-0.22,-0.89,-42.94,5.81,93.75,-1.61,0.2,-1.35,-45.56,26.56,84.31,-1.29,-0.16,-0.62,-60.69,44.19,75.81,-0.95,-0.07,-1.09,-52.62,46.19,68.12,-0.77,-0.29,-0.63,-26.19,67.06,60.88,-0.74,-0.75,0.16,-41.69,87.31,38.31,-1.6,-0.65,2.38,-71.62,67.69,6.37,rigtArc
2.49,2.1,4.09,-90.0,70.62,40.06,-2.86,-1.77,6.1,-134.19,75.31,136.06,-9.72,-7.02,-0.17,97.0,-214.0,-115.19,-10.23,-4.38,-8.51,113.56,-381.38,-203.25,-3.71,5.99,-12.32,192.56,-68.25,-345.12,-0.44,12.8,0.79,124.87,4.62,-180.37,1.89,7.46,0.78,24.94,-15.25,39.38,-1.03,-0.1,-1.02,-79.87,16.56,107.63,-1.56,-1.17,-1.83,-68.87,33.31,94.56,-0.83,-0.37,-0.52,-51.31,40.38,80.5,-0.8,0.33,0.22,-115.31,54.06,62.25,-0.63,-0.48,-0.85,-56.69,54.81,56.37,-0.02,-1.65,-1.6,-61.5,69.69,43.25,-0.67,0.19,-0.58,-50.56,85.94,23.44,-0.83,-0.57,0.89,-5.25,51.31,11.88,rigtArc
0.77,0.96,2.87,-219.44,108.37,137.06,-3.77,-7.28,5.56,-59.25,49.13,224.81,-10.99,-3.88,-3.76,163.12,-300.31,-126.25,-13.68,-6.89,-9.76,121.31,-404.19,-201.37,-0.78,-0.85,-7.82,14.13,-131.56,-290.38,1.81,7.23,-2.16,-27.81,-10.5,-194.37,2.24,5.27,-0.11,8.06,-1.12,11.44,-0.28,0.1,0.06,-20.19,14.56,57.62,-0.75,-1.19,-0.14,-29.31,19.62,58.56,-0.44,0.14,0.0,-47.06,31.87,46.25,-0.02,-0.23,-0.03,-84.25,39.63,43.63,-0.39,0.24,-0.07,-105.06,37.06,49.19,-0.43,-0.3,0.43,-53.13,24.81,53.38,-0.15,0.46,0.1,-45.81,29.94,48.87,-0.54,0.12,-0.43,-109.69,41.06,43.56,rigtArc
0.85,1.03,0.7,-42.81,36.13,77.87,0.42,-3.54,4.83,54.5,54.44,143.94,-4.58,-2.12,5.35,93.06,-144.25,-20.5,-9.74,-3.18,-6.32,234.81,-380.25,-28.94,-7.23,-5.48,-4.33,198.31,-319.56,-31.0,-2.22,-1.1,-5.14,21.31,-204.13,-184.19,3.58,6.32,-3.22,-53.87,-101.19,-138.44,2.41,4.21,-1.45,-19.31,-25.62,-5.62,0.29,0.04,-0.08,-31.75,9.81,40.19,-0.17,0.15,-0.07,-39.31,27.31,47.19,-0.14,1.55,-1.05,-61.81,61.63,67.69,-0.42,0.04,-0.49,-105.37,91.81,89.94,-0.3,-1.24,-0.77,-103.94,75.87,90.56,-0.4,-1.67,-0.96,-102.62,62.44,69.81,-0.8,0.79,-0.16,-98.69,77.62,38.94,rigtArc
0.64,-0.13,0.56,-135.44,71.87,66.06,-1.36,-1.91,4.98,-44.75,41.63,110.75,-8.12,-5.0,1.0,142.44,-217.5,-113.44,-11.9,-3.49,-10.36,311.94,-447.37,-130.87,-0.5,-7.75,-7.4,154.69,-219.69,-183.44,0.77,0.69,-3.2,-86.69,-65.25,-161.88,1.37,2.25,-1.38,92.56,-59.75,-108.69,1.12,3.56,-0.83,20.12,-19.25,-47.19,0.65,1.87,0.58,-18.62,18.69,23.5,-0.08,-0.19,0.75,-32.38,23.62,43.56,-0.16,-1.08,0.66,-48.81,26.87,45.44,0.08,0.67,0.31,-59.69,39.88,45.88,-0.03,0.26,-0.16,-81.5,50.69,55.56,-0.26,-0.01,-0.51,-135.44,63.87,59.69,-1.06,-0.8,-0.59,-163.81,67.87,65.69,rigtArc
0.45,0.11,-0.34,-25.06,18.75,23.25,1.54,-0.04,1.28,-33.13,53.69,60.63,0.85,-1.11,1.96,-27.19,114.5,74.5,-7.79,-4.99,4.52,89.62,-158.0,-55.81,-11.19,-3.98,-6.51,315.75,-401.94,-17.44,-7.24,-5.01,-4.97,137.69,-288.87,-59.81,-2.79,-0.24,-7.96,88.81,-219.13,-260.69,1.42,9.77,-7.5,-14.38,-115.94,-153.0,2.38,4.63,-2.33,-5.87,16.37,26.12,0.05,-0.67,0.5,-33.88,44.31,45.31,-0.3,-1.14,1.03,-10.06,26.25,21.81,0.01,0.02,0.54,-4.94,21.81,15.13,0.19,0.8,0.34,-16.19,31.94,27.19,-0.12,1.06,-0.14,-65.56,47.38,42.19,-0.41,0.13,-0.51,-131.06,71.0,53.44,rigtArc
1.75,1.6,0.53,19.25,8.56,25.5,0.21,-1.25,4.12,-150.44,54.81,111.62,-10.44,-12.84,3.81,117.0,-201.62,-126.56,-16.16,-7.28,-14.12,596.94,-460.81,-116.0,-9.04,-2.56,-10.17,229.44,-260.38,-194.81,2.24,3.1,-5.98,-4.62,-89.87,-131.37,3.03,5.69,-2.38,-10.88,-12.63,-24.06,0.6,0.88,-0.54,-36.0,32.88,38.25,-0.53,-1.13,-0.06,-36.25,42.81,45.0,0.16,-0.09,0.78,4.56,36.5,31.37,0.57,0.73,0.57,-3.62,23.12,25.88,0.29,0.18,0.28,-69.0,36.81,27.87,0.22,0.41,-0.56,-138.06,49.19,35.56,-0.23,-0.03,-0.4,-123.87,53.75,54.38,-0.05,0.16,-0.73,-103.81,68.94,62.0,rigtArc
1.28,1.99,0.9,-54.81,67.25,58.87,-2.0,-1.6,3.91,-106.56,82.62,94.69,-9.79,-8.18,1.88,246.25,-253.88,-121.62,-7.74,-0.96,-7.81,416.88,-513.81,-22.87,-6.02,-2.77,-6.56,291.12,-242.25,-221.31,1.77,4.22,-5.72,-52.69,-122.13,-146.25,2.73,5.66,-2.75,-14.69,-8.13,-15.69,0.1,0.59,0.11,-33.13,34.56,35.25,-0.38,-0.42,0.27,-14.75,30.69,33.94,-0.62,0.39,-0.55,-85.25,48.06,42.94,-0.15,0.63,-1.08,-117.13,66.06,57.81,-0.45,0.2,-0.68,-139.31,71.5,74.75,-1.03,-0.07,-0.21,-143.25,65.87,78.12,-1.35,-0.08,-0.15,-114.75,70.37,72.31,-1.22,-0.44,0.07,-132.69,66.31,61.5,rigtArc
2.64,2.8,1.03,-51.0,-30.31,24.87,1.33,3.73,-2.1,-41.25,-23.19,92.62,-2.61,-0.19,-0.24,-155.5,67.06,139.94,-10.1,-16.13,5.28,-156.87,-55.88,-101.12,-8.02,4.67,-5.33,4.25,-155.56,-358.94,-2.18,20.28,-16.71,89.19,-38.81,-129.56,-9.35,7.67,-8.06,93.56,379.38,273.69,-14.72,-7.08,13.97,4.75,261.87,198.06,-9.07,-9.87,8.97,57.06,-67.19,-81.37,-7.72,-7.97,-4.4,94.25,-130.25,-378.06,0.58,17.42,-7.29,84.75,-59.88,-61.81,0.46,-2.53,0.32,16.94,-0.25,62.75,-0.14,-2.4,0.79,-31.19,0.62,21.5,-0.28,-0.4,-0.05,-2.69,-3.5,9.56,-0.36,0.47,0.03,14.38,-1.87,8.63,z
1.62,1.75,-0.59,4.44,30.69,37.19,-0.05,-2.55,2.09,-37.38,53.5,39.44,-9.64,-14.31,3.75,-31.62,-71.94,-239.44,-1.72,14.9,-9.2,35.81,-113.37,-340.0,-0.93,10.26,-13.6,49.13,88.81,69.0,-8.15,3.94,4.74,14.38,382.56,183.62,-9.11,-8.87,13.9,-4.31,82.19,74.0,-8.75,-8.32,4.7,3.44,-117.94,-135.94,-2.86,3.82,-2.42,-6.69,-155.06,-294.62,-0.78,6.06,-5.64,-18.81,-48.81,-18.31,0.23,-1.91,-2.19,-1.62,-13.38,12.37,-0.89,0.72,-0.77,45.0,30.5,16.69,-0.9,1.25,-0.12,36.25,53.75,26.25,-0.38,0.67,0.53,3.12,62.25,28.69,0.71,-0.7,0.44,28.56,42.81,24.75,z
1.92,5.03,-0.5,-19.56,-34.5,75.69,-1.44,3.97,-0.87,-6.0,-23.94,172.13,-5.84,-4.66,0.29,-117.75,102.69,177.19,-10.61,-19.03,4.24,-101.69,-38.06,-177.0,-6.84,10.52,-6.96,-36.69,-132.75,-379.44,3.1,19.11,-15.24,45.25,-41.69,-70.81,-11.47,5.82,-1.68,-55.5,418.19,281.5,-9.57,-10.51,16.56,63.69,123.62,96.56,-10.68,-7.72,7.77,5.87,-134.94,-221.25,-0.5,13.55,-4.79,-1.31,-146.37,-274.0,0.91,5.27,-5.37,-36.88,-29.75,41.75,0.16,-1.04,-0.81,49.94,-2.19,47.94,-1.07,-1.72,0.29,37.38,23.87,5.56,-0.52,-0.45,-0.32,19.44,28.75,-7.94,-0.08,0.35,0.04,6.81,33.63,-8.5,z
3.01,3.35,1.42,-56.56,-3.62,44.44,3.21,6.6,1.76,-64.5,-43.19,150.38,-5.38,3.67,-1.14,-90.25,-15.38,200.81,-10.12,-9.65,1.59,-181.19,34.06,52.88,-13.17,-8.1,0.04,23.38,-69.62,-281.75,-3.54,20.34,-11.09,112.75,-93.25,-342.69,-1.62,11.52,-12.95,195.31,254.31,205.5,-10.67,-10.53,11.52,2.75,290.0,178.06,-8.33,-12.7,9.61,76.37,-76.12,-170.38,-8.6,0.85,-2.77,83.62,-189.25,-359.31,3.72,19.64,-9.67,6.62,-74.94,-126.44,-0.03,-0.15,-2.98,35.5,9.13,76.5,-1.66,-0.47,0.53,-9.63,51.88,63.94,-1.12,-2.33,0.83,-14.94,38.69,37.25,-0.4,-0.22,0.91,-15.19,41.69,25.69,z
1.49,1.54,5.33,-4.62,-82.06,54.88,-1.07,3.04,-1.03,-32.31,-153.44,132.81,-6.79,-2.29,-3.96,-123.87,84.13,213.37,-7.49,-18.17,3.42,-95.5,-38.94,-135.5,0.65,14.41,-7.5,114.5,-129.19,-283.0,3.32,9.49,-12.81,32.56,102.31,91.06,-8.56,-2.17,4.21,-113.25,317.62,139.94,-8.17,-8.59,10.25,12.94,-39.19,-73.69,-4.32,2.73,-1.81,-1.94,-157.62,-266.94,1.11,14.85,-6.84,81.69,-29.56,-18.87,-0.75,-3.42,-1.8,81.75,15.38,56.13,-1.22,-1.61,0.32,9.5,56.69,20.44,-1.17,0.34,0.08,21.75,63.69,-4.0,0.18,-0.71,0.45,29.19,40.5,-4.12,0.16,1.53,0.65,-56.25,39.63,14.38,z
0.22,0.95,3.16,-14.56,-55.31,-11.0,3.53,6.68,1.03,-16.12,-119.0,74.5,-2.67,5.92,-3.94,-73.75,-8.44,271.37,-13.89,-16.55,-0.29,-185.06,62.31,116.69,-10.98,-10.24,1.04,-19.06,-58.06,-339.12,-4.69,20.42,-11.75,128.25,-107.44,-283.06,-2.2,8.44,-10.87,78.31,235.81,203.69,-11.25,-12.01,11.63,-35.44,223.44,170.31,-7.85,-10.83,6.7,86.63,-86.25,-185.69,-1.01,7.35,-4.91,34.31,-156.75,-314.94,1.18,8.79,-6.52,29.25,-41.56,46.81,-0.49,-2.24,-2.34,39.13,20.25,67.75,-1.32,-0.83,1.66,-9.44,82.19,13.62,-0.14,-0.03,-0.19,-30.12,61.31,4.0,0.26,0.81,-0.45,-35.69,48.31,29.5,z
3.21,3.6,3.74,-4.69,-67.87,124.38,-6.29,1.3,-0.37,-76.0,-57.0,207.44,-10.2,-12.18,0.0,-249.5,44.81,43.44,-13.84,-3.03,0.28,118.81,-118.69,-320.81,-4.45,15.93,-15.74,132.25,-130.12,-320.81,-0.26,10.23,-15.58,-14.25,261.69,57.56,-10.66,2.0,4.49,-220.19,448.5,147.06,-7.83,-18.52,8.07,-118.69,47.75,14.13,-10.84,-5.32,1.38,51.81,-162.25,-225.75,-4.19,7.02,-3.21,51.44,-187.69,-331.38,2.33,11.11,-9.22,47.31,-103.75,-31.94,-0.32,0.71,-3.03,-19.62,37.38,71.56,-0.58,-1.21,-0.33,21.19,40.31,69.56,-0.69,-1.49,0.33,-24.94,84.75,58.31,-0.23,0.36,0.61,30.06,70.06,55.06,z
-0.45,1.43,2.35,-32.19,-105.19,51.37,3.0,4.54,-3.91,35.94,-158.94,64.12,-1.64,7.57,-9.38,-60.81,124.12,200.13,-11.75,-15.12,6.72,-295.06,104.81,19.94,-13.67,-1.52,2.21,31.75,-167.62,-310.69,-4.14,15.76,-15.43,83.31,-121.25,-303.31,-1.8,8.03,-13.44,71.75,259.12,201.75,-13.75,-11.43,7.81,-211.56,319.62,176.31,-8.47,-12.76,8.67,75.56,-87.62,-206.25,-2.97,9.64,-2.36,-15.75,-207.06,-329.0,2.77,12.23,-9.32,-13.62,-77.87,-10.0,-0.07,-1.83,-2.47,14.19,11.44,76.31,-1.15,-1.4,0.61,19.25,51.44,24.19,-0.98,0.03,0.42,-3.81,69.56,23.31,-0.4,-0.75,-0.15,3.06,49.94,6.69,z
3.33,2.18,1.48,-24.75,-38.75,81.25,0.77,4.53,-0.68,50.25,-53.06,172.75,-6.34,-4.67,1.59,-110.12,59.63,181.5,-13.6,-16.85,6.03,-100.44,-78.19,-151.75,-7.05,7.99,-10.4,-74.69,-149.69,-359.25,5.66,19.49,-17.99,121.62,84.13,13.13,-10.4,11.41,1.16,18.5,465.62,239.44,-16.62,-21.86,11.16,-87.44,75.56,56.94,-11.91,-1.86,2.45,63.25,-151.25,-304.81,-1.6,11.52,-5.61,-6.0,-133.87,-321.69,-0.89,7.28,-5.69,12.56,-25.19,73.69,-0.7,-0.95,-1.36,67.5,28.81,59.69,-0.8,0.28,1.12,-33.5,73.81,53.31,0.37,0.8,0.3,-0.13,46.13,44.94,-0.08,0.3,-0.99,-24.19,43.5,72.19,z
3.94,5.69,1.63,-17.75,-96.56,74.69,-1.98,4.69,-1.91,-30.56,-55.31,218.06,-12.52,-11.2,2.54,-210.94,82.31,116.81,-13.75,-8.37,2.56,34.81,-112.31,-294.5,-2.34,17.34,-11.16,14.38,-90.19,-400.31,2.4,12.01,-13.91,15.31,218.06,164.25,-8.95,-3.03,6.7,-45.19,344.94,228.88,-9.59,-15.07,9.67,-55.44,79.69,53.5,-8.05,-5.1,0.82,6.62,-162.0,-287.06,1.79,20.26,-5.52,64.81,-141.81,-251.37,0.73,1.12,-5.27,-11.25,-53.81,35.31,-0.36,0.17,-1.9,44.69,27.13,25.44,-0.53,-0.13,0.1,46.31,49.44,7.0,-0.08,-0.5,0.79,-9.94,58.31,-6.19,0.09,-0.31,1.07,-30.56,37.94,0.19,z
-0.3,-1.89,1.3,122.0,-11.19,1.87,0.42,5.66,5.85,366.31,-149.62,74.0,1.15,11.29,-6.91,218.5,-160.94,312.38,-16.55,-5.79,-12.01,-121.94,380.75,258.5,-25.73,-5.87,8.43,88.81,457.69,-248.31,-22.78,1.43,16.28,132.06,-6.19,-603.25,-1.6,18.34,-17.18,435.31,-398.13,56.5,-6.94,-1.68,-6.3,172.06,71.25,453.19,-4.97,-10.36,1.56,-117.75,139.44,88.31,1.37,3.96,2.67,120.5,1.94,-80.87,0.05,0.2,-0.49,9.56,-6.75,-22.06,-0.18,-0.47,-1.1,-32.19,11.19,-19.0,-0.44,0.29,-0.24,14.5,42.31,-24.12,-0.47,0.46,0.46,21.06,40.0,-33.25,0.19,-0.34,-0.38,78.06,39.56,-46.19,circleCCW
2.03,0.95,-6.96,8.25,-110.44,113.0,-8.36,-6.94,-9.44,57.88,378.88,75.06,-15.44,-10.26,10.62,-120.5,241.12,-376.69,-14.13,23.23,7.35,264.56,-267.94,-418.25,-1.78,10.73,-15.33,216.31,-250.25,284.62,-8.88,-4.61,0.31,107.19,231.19,357.56,-4.27,-6.0,1.14,3.12,162.37,86.5,-0.43,-2.18,1.15,23.12,69.69,-99.13,0.12,0.97,-0.18,-19.31,15.38,-40.38,0.62,0.52,-0.82,4.12,-1.87,-3.62,0.15,-0.07,-0.94,11.94,3.81,-8.81,-0.22,0.01,-0.13,-10.38,5.0,-11.38,-0.4,-0.17,0.1,-1.19,4.44,-12.75,-0.3,0.16,-0.36,4.44,3.62,-14.87,-0.19,-0.12,-0.18,-4.81,-2.5,-12.75,circleCCW
-0.65,-0.27,2.1,-7.19,-87.75,-16.44,2.96,0.83,1.11,83.56,-159.69,-6.12,-0.88,5.7,-12.62,107.06,-56.25,162.37,-17.16,-15.19,-9.16,-81.94,572.5,10.06,-12.72,-19.22,17.14,-110.06,56.88,-605.25,-2.54,23.92,2.3,366.75,-412.81,-227.38,-8.95,5.33,-11.5,85.62,-186.31,393.12,-10.79,-11.21,-3.02,-10.31,134.81,332.62,0.07,-10.98,3.13,-105.12,113.44,-9.5,-1.15,0.31,4.29,-67.81,66.5,-85.31,-1.09,0.97,-0.34,85.44,2.06,-8.56,-0.49,0.23,-1.41,15.19,22.81,-17.31,-0.4,0.44,-0.67,29.0,53.25,-21.44,-0.23,0.11,0.22,11.06,54.25,-17.87,-0.53,-0.36,0.58,-14.56,40.56,-25.75,circleCCW
-0.24,0.39,7.17,322.19,-129.75,45.94,1.7,3.46,-2.46,212.81,-245.63,158.12,-8.54,-4.92,-11.41,18.69,109.0,231.5,-16.97,-12.82,-2.6,-86.19,484.31,-50.88,-12.96,-14.66,14.14,-49.0,110.63,-500.44,-12.75,21.63,2.04,290.62,-275.87,-283.69,-6.46,3.72,-10.43,204.38,-102.44,364.25,-8.7,-11.15,1.04,-104.38,183.12,252.25,-1.88,-8.76,4.33,25.06,69.69,-8.5,-1.34,1.73,2.78,24.69,-1.12,-37.88,-2.1,-1.33,-1.13,15.38,-14.69,-12.19,-1.42,-1.39,-3.39,63.81,50.31,-43.38,0.04,0.08,-1.46,-12.69,110.69,-99.25,-0.86,1.4,0.75,43.56,108.19,-88.37,-0.29,0.57,2.19,-43.75,77.94,-68.44,circleCCW
-0.53,0.12,4.98,39.88,-74.19,62.69,1.53,1.5,-0.71,168.5,-175.25,119.31,-6.56,-5.44,-11.93,8.44,65.25,179.25,-16.37,-10.02,12.62,-31.75,422.5,-225.56,-19.78,-21.36,22.46,227.5,2.06,-546.25,-6.18,9.83,-16.4,358.56,-356.13,177.25,-13.92,-5.94,-11.19,115.75,135.0,497.13,-8.53,-2.03,2.24,88.44,213.69,163.94,-3.22,-6.17,4.62,-28.0,47.62,-79.12,-1.48,1.98,2.28,-25.37,1.69,-32.31,-1.14,0.84,-1.99,27.44,2.56,-9.25,-1.05,-1.94,-0.77,23.87,36.0,-45.81,-0.4,0.19,0.65,9.31,45.88,-72.94,-1.19,-0.46,-0.73,34.19,47.94,-52.88,-0.52,0.1,0.35,-2.31,44.31,-36.13,circleCCW
-0.45,-0.56,2.66,-22.56,31.0,-47.13,-0.2,-1.26,3.08,-23.75,-4.0,-26.69,0.87,0.35,6.16,151.69,-126.87,21.69,0.48,7.32,-5.13,188.69,-213.94,187.12,-9.13,-3.0,-10.77,-28.62,235.81,218.44,-21.09,-13.61,8.41,-3.69,373.38,-151.63,-0.57,4.64,15.18,-48.69,-120.13,-434.37,-6.43,14.86,1.96,114.37,-230.69,-89.87,-4.72,5.86,-7.92,355.81,-40.38,464.75,-8.16,-0.54,3.73,67.69,109.69,191.94,-3.12,0.19,4.53,88.19,54.69,-52.31,0.12,-0.38,1.27,13.88,16.69,-38.19,-0.01,-0.15,-0.04,-1.25,11.69,-10.75,-0.58,0.31,-0.32,36.63,18.12,-17.06,-1.9,-0.31,0.93,10.06,13.75,-25.19,circleCCW
0.0,-1.47,3.2,148.56,-46.13,-19.5,3.99,2.44,3.29,235.63,-160.37,6.81,-3.29,10.42,-13.87,5.37,-47.75,219.87,-13.79,-8.46,-6.71,-78.06,438.44,203.94,-19.99,-19.63,6.2,-50.94,260.63,-172.81,-5.1,2.7,14.84,131.37,-179.94,-472.87,-4.81,15.73,-11.7,154.25,-386.94,-156.75,-5.18,6.52,-10.64,50.75,109.63,402.06,-10.22,-11.71,-2.79,-145.5,257.94,324.44,-6.28,-6.52,2.81,81.69,104.63,2.94,-0.12,3.84,4.53,-34.63,-13.0,-113.25,-0.95,0.33,-0.34,108.12,-59.63,-14.38,-0.36,0.22,-1.3,34.0,-13.62,0.25,-0.27,-0.39,0.19,16.62,10.19,-21.56,-0.66,-0.19,0.72,38.38,6.62,-32.19,circleCCW
-0.84,-2.8,0.01,-43.63,22.31,-8.69,-4.78,-3.35,2.99,240.87,-42.06,-131.37,1.15,23.08,-4.55,224.69,-288.31,-72.75,-5.34,6.06,-16.98,-39.81,33.13,388.19,-19.89,-10.76,-9.19,-203.12,422.75,357.56,-9.21,-4.93,2.27,94.25,177.56,-167.69,-2.93,-1.24,10.72,-111.5,1.5,-344.37,-1.66,5.38,4.99,144.69,-106.19,-163.25,-1.44,2.06,-3.31,85.81,-106.25,147.25,-3.56,-4.38,-1.41,-51.94,-10.5,132.56,-1.44,-2.7,1.27,25.25,10.69,36.38,-1.48,0.3,1.54,42.38,10.56,-7.0,-1.29,0.99,0.82,24.06,4.56,-9.31,-1.06,-0.18,0.06,21.0,7.5,-1.75,-1.33,-0.04,-0.06,25.25,4.56,-5.69,circleCCW
0.23,-1.15,1.64,-13.75,11.94,-7.0,4.89,3.45,6.6,164.25,-107.19,-26.0,2.97,11.19,-5.65,-43.44,-199.31,85.12,-11.8,-4.51,-13.14,-114.56,286.0,297.75,-18.96,-18.43,-4.74,26.19,395.06,-32.5,-5.32,2.96,15.86,-82.12,-92.88,-392.75,-3.68,10.69,9.19,-148.62,-232.25,-322.31,0.46,10.35,-10.05,383.13,-226.31,198.94,-6.24,-3.53,-2.67,18.19,41.81,274.88,-4.54,-4.91,1.45,11.12,91.56,96.5,-1.7,-1.49,2.65,-4.25,28.94,-16.81,-1.15,1.52,0.77,10.63,9.69,-19.25,-1.54,-1.04,-1.17,41.25,8.44,-31.87,0.27,-1.08,-1.01,77.37,14.5,-78.69,0.67,0.22,0.54,30.81,20.06,-94.31,circleCCW
2.59,-0.64,1.72,54.94,-133.87,19.0,-3.57,10.15,-12.35,71.87,-120.62,127.87,-16.49,-9.32,-5.47,-137.56,496.69,130.63,-17.57,-10.1,9.04,79.87,285.0,-289.06,-0.83,4.65,12.38,199.94,-215.31,-374.62,0.3,14.77,-8.21,170.75,-292.62,20.0,-4.44,3.44,-4.78,109.12,7.44,314.19,-7.56,-5.21,-0.74,-46.75,129.81,244.06,-3.62,-3.04,-0.81,21.31,75.19,75.06,-0.66,-1.32,2.39,-18.56,18.56,-32.81,-0.25,1.16,0.78,36.88,-14.5,-30.75,-0.45,-0.03,-1.23,29.81,-10.19,-14.75,-1.48,0.26,-0.91,39.0,17.31,-28.5,-0.06,-0.21,0.13,74.62,4.31,-55.12,-0.02,1.09,0.65,28.06,4.37,-55.69,circleCCW
