0.08,-0.39,-1.52,-43.19,-45.12,28.19,0.12,0.08,-1.06,-19.94,-15.19,19.06,-0.01,1.53,0.35,-10.44,-9.38,19.69,3.36,3.13,5.21,-119.81,-13.31,70.19,-4.85,-7.3,4.44,-284.56,-86.56,47.81,-15.2,-0.52,-13.12,27.62,-72.19,-348.25,-12.56,16.67,-9.5,31.19,241.19,-239.25,5.39,14.56,5.45,219.81,392.31,290.12,-12.3,1.83,23.17,-112.44,34.19,372.37,-14.58,-1.87,-4.05,-27.75,-324.94,74.56,-3.92,-3.17,-10.98,-194.69,-159.75,-94.62,2.25,5.11,-3.21,18.75,38.31,-104.19,0.81,0.95,0.56,-6.44,15.44,14.56,-0.13,-0.99,-0.75,-2.69,2.62,21.37,0.01,0.43,-0.71,16.94,13.31,21.44,circleCW
-7.18,-4.08,2.04,-171.19,-125.12,4.44,-10.63,-1.73,-11.27,-33.81,-84.06,-245.81,-8.3,11.43,-7.08,19.37,338.62,-310.94,3.57,20.55,6.21,188.19,365.56,126.25,-6.66,-0.79,15.7,-101.69,203.06,391.94,-9.97,-4.77,4.66,-183.69,-115.62,173.56,-8.56,-1.83,-4.47,-89.81,-211.37,11.25,-5.04,-2.1,-6.79,-121.0,-141.12,-72.62,1.18,2.13,-3.14,-13.13,-24.94,-94.37,0.95,2.66,-0.5,-16.56,0.31,3.37,-0.15,0.14,-1.22,-20.37,5.81,13.13,-0.99,-0.27,-0.83,2.81,25.12,4.31,-1.03,-0.63,-0.58,-26.5,35.13,-6.56,-1.92,-0.82,-1.24,-6.69,57.81,-26.37,-0.04,-0.75,-0.94,29.5,86.25,-48.31,circleCW
-5.38,-4.94,-0.02,-205.37,-132.75,-41.37,-15.89,3.13,-9.09,40.5,-20.56,-315.37,-8.79,10.68,-6.44,40.44,284.44,-257.37,4.61,12.28,5.09,171.62,326.06,102.12,-2.43,-0.81,14.5,40.75,172.94,426.25,-10.54,1.14,8.08,-206.25,-130.44,206.69,-9.33,0.17,-5.22,-65.56,-277.31,33.56,-4.29,-0.81,-7.0,-159.69,-112.44,-96.94,0.5,3.34,-2.77,59.13,58.06,-77.0,1.01,1.51,0.96,4.69,39.25,-17.5,-0.43,-0.49,-1.21,3.25,18.81,-7.81,0.48,0.86,-0.09,20.19,24.12,-15.81,0.68,1.76,0.61,20.44,11.5,-6.75,-0.15,0.27,0.23,3.37,7.37,15.31,-0.62,-0.59,-0.37,-2.87,-0.44,8.25,circleCW
-3.4,-3.21,3.55,-247.44,-51.37,121.13,-10.51,-8.04,-6.94,-120.94,-64.12,-194.25,-12.84,3.8,-10.02,-78.31,155.5,-365.37,-7.19,15.75,1.38,114.25,333.56,-135.37,3.93,16.02,10.61,84.94,304.75,303.62,-1.99,5.1,12.94,111.25,-0.25,462.12,-13.44,-4.02,3.26,-32.69,-211.94,147.87,-11.47,-2.25,-3.42,-84.94,-274.0,41.06,-2.75,-1.74,-6.55,-148.87,-118.19,-90.94,2.93,3.33,-3.42,-31.37,-5.69,-71.0,0.64,1.2,-0.96,-51.81,31.12,7.87,-0.92,-1.27,-0.33,-25.94,19.12,15.94,-0.32,-0.43,-0.33,-17.81,22.0,0.81,-0.04,0.39,0.13,18.81,15.81,-9.19,-0.21,-0.21,-0.4,3.44,17.5,-8.31,circleCW
-3.36,-2.22,5.57,-159.19,-9.56,94.31,-20.27,-7.01,-7.94,-49.5,-77.94,-206.56,-11.54,10.56,-5.71,-60.31,318.94,-291.06,-4.87,14.59,11.63,-21.56,273.19,220.12,0.05,5.12,10.94,81.5,-32.38,342.31,-8.25,0.09,7.46,-3.37,-191.12,211.19,-9.93,-3.92,-4.15,-129.19,-248.87,-87.06,-7.44,-0.06,-8.17,-63.19,-127.38,-145.69,1.57,3.96,-3.41,32.06,15.88,-122.81,1.32,2.79,-0.11,30.25,22.5,7.06,-0.46,-0.11,-0.16,-4.81,11.69,19.62,0.27,0.72,-2.9,26.94,35.44,39.5,0.0,-0.32,-0.63,21.37,80.25,19.5,0.27,0.07,1.62,32.56,10.69,-2.69,1.23,0.67,0.2,2.37,-9.5,7.06,circleCW
-10.33,-7.91,-6.25,-84.44,-97.56,-203.0,-9.41,6.22,-12.55,-38.69,124.38,-307.31,-6.49,17.88,-0.98,53.06,319.06,-133.81,0.79,15.07,14.18,2.12,284.56,376.37,-6.22,2.54,14.11,21.0,-96.56,341.38,-11.0,-6.63,-2.25,-94.81,-289.0,22.94,-7.0,-1.78,-8.05,-166.0,-165.06,-105.19,0.88,2.82,-5.2,13.25,4.62,-102.87,1.33,2.57,0.1,-47.88,26.44,-19.81,0.42,0.49,-0.15,11.63,2.12,16.56,-0.22,0.22,-1.71,20.75,0.25,15.06,-0.1,-0.45,-2.25,38.63,17.56,8.19,0.83,-1.2,-0.08,19.87,31.06,3.19,-0.14,-0.14,0.0,8.13,10.44,-4.81,0.64,0.31,-0.59,12.19,6.5,0.13,circleCW
-9.72,-7.27,-9.3,-95.06,-130.37,-194.75,-7.34,5.27,-14.08,27.5,175.31,-333.56,-7.33,15.64,0.94,8.19,440.75,18.44,-8.41,8.86,19.94,-71.06,299.5,342.5,-11.45,-2.05,8.52,-187.94,-112.56,263.44,-9.15,-5.27,-3.86,-124.0,-231.31,44.56,-3.52,-2.62,-6.89,-170.56,-134.25,-107.12,0.66,3.82,-4.63,-51.75,13.31,-148.81,1.68,3.56,0.32,12.31,26.69,-3.5,1.08,-0.08,0.0,1.69,-3.56,17.19,-0.53,0.27,-0.29,-10.0,8.38,14.75,-0.43,-0.72,-0.32,-19.62,3.19,8.0,0.23,0.28,-0.53,-3.81,-11.94,-5.25,0.38,0.57,-0.34,-14.13,6.44,1.87,0.38,0.82,-0.33,11.81,4.62,1.06,circleCW
-4.14,-4.16,3.69,-129.31,-59.63,18.25,-10.33,-3.84,-11.53,-36.44,-40.81,-219.69,-6.46,12.21,-7.82,-26.75,274.44,-271.13,1.52,11.23,5.8,132.06,420.25,208.63,-6.87,-2.37,16.61,-160.81,34.38,363.5,-13.16,-7.96,1.27,-154.75,-305.62,101.75,-7.06,-3.94,-7.57,-144.13,-246.19,-95.31,-1.99,1.05,-7.02,-52.56,-25.75,-167.19,0.78,5.47,-0.42,-6.0,59.94,-57.62,1.49,2.77,1.4,27.37,21.87,21.06,0.61,-0.31,-0.23,7.69,0.37,25.06,-0.18,-0.04,-1.61,-6.12,5.75,22.94,0.31,0.08,-0.29,9.44,12.5,22.06,0.0,-0.23,0.34,3.81,11.5,12.69,-0.07,-0.17,-0.95,-8.13,16.94,5.87,circleCW
-4.58,-4.74,0.15,0.37,-148.31,-17.31,-8.75,-4.32,-10.96,-142.13,-4.06,-256.19,-6.95,13.19,-6.69,-109.5,338.75,-267.44,-2.77,21.18,9.36,123.75,351.62,216.88,-8.84,2.21,17.42,-20.5,-12.25,379.19,-14.6,-8.19,0.59,-109.69,-284.69,117.75,-7.75,-3.75,-7.2,-168.13,-225.0,-59.94,0.79,0.35,-7.74,-53.19,3.81,-151.5,1.76,5.55,-0.84,1.5,55.56,-43.75,1.36,2.4,0.25,-6.87,1.81,17.94,0.62,0.65,-1.04,13.75,-1.81,28.56,0.67,0.01,-1.34,-4.56,7.12,14.0,0.42,0.99,-0.73,-2.56,10.0,3.25,0.55,0.4,-0.74,15.88,6.19,4.37,0.44,0.25,-0.65,14.44,5.94,4.31,circleCW
-6.35,-8.37,-3.27,-95.62,-120.62,-76.37,-7.43,2.47,-9.02,-67.19,64.31,-287.81,-4.64,17.44,-2.4,-11.63,416.88,-127.75,-1.85,10.45,15.7,-44.0,281.31,334.0,-9.83,6.09,14.42,98.5,-63.56,393.06,-10.5,-4.07,-1.75,-26.87,-279.44,86.87,-6.9,-3.34,-8.55,-205.5,-211.69,-63.81,0.8,1.28,-4.94,-46.06,-6.75,-128.56,1.96,3.08,-1.97,-15.69,51.94,-57.13,1.25,0.89,-0.13,-7.12,23.94,-7.25,0.48,-0.39,-0.47,13.38,5.81,6.5,0.76,1.49,-0.95,12.94,4.94,2.12,0.47,1.0,-1.0,-4.94,2.87,-4.06,0.31,0.01,-0.82,6.69,7.19,-1.69,-0.72,0.05,-0.97,-12.25,18.69,-7.81,circleCW
-7.65,6.11,13.86,-85.87,-179.63,143.81,-15.5,-4.48,-4.58,-129.25,-479.38,-95.94,-12.04,-3.32,-20.4,-146.75,-106.75,-295.12,-3.98,24.27,-10.57,82.25,328.56,-339.44,-4.19,29.91,15.55,104.56,481.25,334.62,-12.88,-4.22,13.32,-164.0,-163.37,248.25,-9.65,-1.26,-7.45,-114.56,-334.56,6.25,-2.03,-0.18,-12.2,-93.31,-126.75,-137.75,3.29,4.91,-1.38,-2.0,33.25,-45.69,0.96,0.87,0.24,-23.94,7.25,17.75,-0.85,-0.34,-1.73,29.25,0.69,28.87,-0.06,-0.81,-1.16,-24.63,33.75,10.38,0.4,0.79,-1.08,-3.37,35.13,-8.94,0.88,-0.09,-0.38,-2.31,35.63,-9.75,0.67,0.99,-0.14,-16.44,22.13,-3.5,circleCW
-8.07,-3.13,-11.85,-32.69,52.81,-287.75,-9.85,12.69,-9.14,23.06,375.25,-229.81,2.96,14.69,8.55,63.81,303.75,295.12,-6.68,5.18,15.04,73.25,-57.31,315.62,-11.87,-4.68,-0.93,-35.75,-294.19,101.06,-7.48,-3.64,-8.03,-198.25,-233.5,-59.88,-1.58,-0.52,-7.36,-87.0,-29.87,-194.69,1.78,8.59,-3.42,18.62,104.44,-129.44,1.66,2.58,1.53,6.37,5.69,34.31,-1.18,-0.11,-0.84,-21.56,-12.06,44.69,-0.02,0.21,-1.5,30.81,-1.5,29.69,0.67,-0.21,-0.77,9.31,8.69,9.13,0.21,0.03,-0.67,-4.62,15.69,7.81,-0.04,0.43,-0.89,-4.94,14.38,-4.81,0.39,0.3,-0.8,-2.94,20.06,-11.25,circleCW
-12.34,-3.12,-10.25,102.44,-62.13,-254.25,-6.54,15.98,-5.27,18.81,325.06,-298.69,0.84,18.01,9.51,128.25,353.5,287.88,-7.39,7.2,14.06,122.69,-69.19,329.5,-13.24,-2.82,-0.73,-9.38,-270.06,175.06,-7.47,-3.91,-8.65,-233.31,-248.0,-29.94,0.42,-1.43,-8.43,-75.87,-36.19,-185.37,2.15,6.37,-0.62,-13.75,60.38,-52.0,0.98,3.34,-0.04,7.19,4.06,20.06,-0.7,-0.1,-1.41,14.5,-2.25,34.25,0.27,-0.19,-0.85,-27.0,12.25,12.31,0.14,1.33,-0.28,-18.06,20.69,-3.12,0.17,1.27,-0.54,5.06,16.81,2.19,0.37,0.47,-0.75,-7.37,11.19,2.0,0.65,0.47,-0.82,-21.87,12.0,6.25,circleCW
-5.84,-10.13,-3.39,-202.44,14.06,-62.81,-8.56,9.86,-12.79,-45.0,272.5,-232.12,-6.88,21.74,8.88,46.25,397.25,171.5,-7.58,-0.79,20.47,33.88,35.88,349.56,-14.0,-4.27,9.76,-60.38,-236.37,256.38,-10.59,-2.0,-7.94,-67.56,-353.62,23.12,-3.49,-0.79,-9.86,-174.12,-184.0,-127.31,2.41,4.45,-3.61,29.37,5.94,-106.69,1.29,2.27,0.19,-16.81,19.5,-13.06,-0.34,1.52,-0.92,-5.19,8.06,10.81,0.0,1.83,-1.5,20.88,17.31,8.56,0.89,0.19,-1.1,29.31,38.5,4.31,0.49,0.59,-0.52,-3.62,45.69,7.94,0.85,0.72,-0.68,-4.37,17.31,8.88,0.49,1.17,-0.65,-3.31,8.44,11.44,circleCW
-4.57,-6.52,-1.28,-147.62,-70.5,-50.88,-11.37,0.31,-12.21,-62.25,53.44,-277.75,-11.89,22.25,-0.98,73.69,406.75,-219.06,-2.07,17.42,13.49,-10.69,283.13,253.62,-7.01,-3.36,17.33,36.81,-8.38,369.62,-14.02,-6.12,1.27,-153.75,-268.12,88.75,-7.58,-0.56,-7.6,-120.25,-264.5,-72.19,0.5,2.48,-8.03,-83.25,-69.0,-125.69,0.79,4.35,-1.45,-9.5,15.19,-54.06,0.87,1.12,0.29,20.06,-1.5,-2.94,0.03,1.26,-0.92,9.81,1.87,1.25,-0.23,0.15,-0.95,19.12,8.38,3.0,0.87,0.64,-0.57,14.06,-4.5,-8.56,-0.07,0.88,-0.4,-10.63,10.44,-2.19,0.08,2.03,-0.76,13.81,-3.75,-1.37,circleCW
-1.58,-1.47,3.67,-77.19,100.31,122.87,-4.73,-10.92,-5.87,-39.38,-39.56,-232.75,-10.96,9.03,-12.5,-3.62,160.06,-373.56,0.15,17.23,-2.07,88.0,358.63,120.69,-5.31,12.32,18.4,53.87,277.56,314.44,-15.28,-4.46,9.37,-156.0,-163.06,189.31,-9.93,-3.39,-7.55,-135.63,-307.69,-12.19,-1.56,0.35,-10.09,-157.44,-120.31,-114.69,-0.16,4.37,-3.3,32.5,37.44,-73.94,1.13,0.85,0.23,5.19,34.25,1.44,0.76,-0.15,0.07,3.37,14.5,11.56,0.16,0.18,-0.09,-14.38,0.62,4.62,-0.03,0.85,-1.03,27.44,17.69,8.81,0.22,-0.21,-0.39,28.0,14.87,6.06,0.02,0.15,-0.18,-1.94,5.12,-0.5,circleCW
-6.61,-7.54,-0.69,-148.19,-176.12,-97.94,-3.71,1.88,-13.86,-119.37,172.62,-332.44,-1.14,14.18,-4.62,70.25,421.25,56.37,-7.21,6.97,14.64,-13.13,287.0,343.31,-17.03,-2.78,6.3,-179.31,-143.06,240.94,-11.47,-2.54,-6.52,-135.56,-305.31,52.19,-2.43,-1.03,-9.4,-171.37,-131.31,-134.87,1.46,4.51,-4.45,-14.19,31.44,-107.63,1.48,2.69,0.31,-1.94,18.31,-14.31,-0.19,-0.23,-0.36,-15.88,-1.87,12.69,-0.42,-0.4,-0.53,3.37,8.5,10.13,-0.39,-0.47,0.09,5.75,6.5,3.75,-0.49,-0.25,-0.39,-4.94,8.88,0.44,-0.6,-0.52,-0.5,-16.5,10.63,-4.12,-0.26,0.78,-0.25,-5.31,6.56,-3.81,circleCW
-9.09,-6.34,-4.17,-146.81,-143.81,-9.5,-5.25,-0.24,-13.13,-96.75,64.69,-342.0,-0.73,19.28,-3.55,46.25,416.25,-187.19,-11.28,7.33,17.7,-164.69,238.19,313.44,-14.63,-5.29,3.48,-105.31,-196.63,233.0,-8.14,-4.24,-7.02,-146.13,-255.5,43.75,-1.99,-1.45,-8.3,-86.0,-101.56,-143.62,1.45,5.29,-1.63,8.31,53.75,-92.5,0.65,2.31,1.64,8.13,14.0,24.69,-0.87,-0.31,-0.71,-15.0,-13.31,19.37,-0.8,0.0,-1.08,8.88,1.06,3.81,-0.04,0.8,-0.25,-0.37,14.75,1.5,-0.41,0.04,-0.85,-4.69,1.94,7.81,-0.6,0.47,-0.79,8.06,4.56,0.75,-0.4,1.23,-0.48,42.38,3.94,2.19,circleCW
-8.24,-8.74,-5.91,-129.44,-71.94,-141.31,-4.71,4.22,-11.89,-62.69,186.56,-319.5,-2.5,21.2,-0.68,176.56,407.12,36.38,-12.33,-0.94,19.32,-223.56,198.75,326.31,-14.09,-4.39,3.52,-127.62,-238.12,173.44,-6.81,-2.69,-7.53,-165.19,-227.62,-37.5,0.28,0.68,-7.32,-61.44,-62.38,-140.81,0.9,5.86,-1.72,2.62,38.56,-36.19,-0.17,0.76,0.6,-7.94,16.25,11.88,-0.66,0.92,-0.54,10.0,-3.37,4.5,-0.04,0.77,-0.44,-4.56,6.37,-1.94,-0.55,1.46,-0.12,7.44,3.81,-3.87,-0.33,0.57,-0.43,21.31,5.0,8.56,-0.3,0.5,-0.57,16.19,4.12,1.37,-0.28,0.75,-0.32,3.62,7.56,5.5,circleCW
-5.72,3.52,-12.64,77.0,105.94,-329.69,-4.05,20.36,-3.73,151.31,460.75,25.94,-10.99,1.61,16.3,-242.37,162.25,335.38,-13.01,-5.44,0.12,-70.44,-302.94,175.44,-7.44,-2.88,-8.65,-140.75,-274.12,-11.5,-1.78,-0.82,-8.6,-112.12,-79.5,-156.19,0.91,6.14,-2.68,7.12,70.31,-121.19,0.94,3.62,1.46,11.06,32.94,-5.94,-0.53,0.6,-0.21,-0.81,-8.13,28.25,-1.15,-0.09,-0.6,-0.88,4.81,24.94,-0.47,-0.01,-0.61,-9.69,2.87,8.69,-0.07,0.35,-0.57,0.0,9.19,7.06,-0.68,0.66,-0.15,-14.75,8.06,-4.81,-0.28,0.56,-0.13,-11.56,-0.94,1.37,-0.18,0.39,-0.39,-22.81,-3.69,6.62,circleCW
-2.72,-2.81,2.89,-50.38,-39.25,58.5,-10.42,-4.55,-6.87,18.62,-33.63,-228.31,-4.47,13.18,-11.14,-10.69,347.44,-262.31,-9.03,21.55,9.66,-225.38,450.69,273.38,-14.83,-2.45,14.39,-47.81,-155.5,302.38,-11.58,-3.49,-4.78,-30.56,-331.81,64.44,-6.0,-0.08,-11.04,-214.81,-185.5,-132.63,0.35,4.04,-4.71,0.62,114.44,-166.25,0.71,3.87,2.96,20.81,50.06,-29.81,0.13,0.42,1.11,5.37,-20.88,15.75,-0.76,0.35,-0.97,-14.25,-10.56,19.31,-0.53,0.04,-0.62,17.75,0.88,9.06,-0.54,0.49,-0.19,7.69,5.12,4.06,-0.38,0.44,-0.18,2.69,-0.94,5.0,-0.5,0.1,-0.47,2.87,1.5,7.75,circleCW
-6.49,-1.26,-14.03,-12.88,174.69,-317.87,-2.49,23.69,-0.58,6.62,369.13,-51.44,-9.78,7.96,15.83,-122.37,307.12,349.37,-15.99,0.88,9.64,-128.56,-53.56,289.56,-12.09,-2.65,-5.41,-89.87,-301.56,107.0,-7.04,-2.08,-9.29,-224.81,-228.69,-70.87,1.22,2.24,-5.99,-2.31,-46.25,-177.31,1.92,5.14,0.24,-9.94,39.25,-56.06,-0.17,1.15,0.08,1.25,1.19,11.94,-0.51,0.07,-0.86,-5.06,5.0,14.81,-0.26,0.0,-0.99,-20.06,20.81,0.37,-0.57,0.78,-0.58,-17.0,25.06,3.5,-0.05,1.87,-0.48,-16.69,16.75,2.5,-0.16,1.31,-0.14,3.44,11.38,10.75,0.0,0.95,-0.12,-3.37,7.31,24.19,circleCW
-8.34,-10.3,-7.23,-187.5,-72.31,-79.94,-9.26,0.29,-11.45,-4.75,158.0,-387.81,-0.39,20.43,-3.49,43.5,405.81,-56.81,-13.35,14.13,14.71,-211.25,390.12,310.13,-13.24,2.2,8.26,-156.25,-132.19,241.94,-9.38,-2.88,-3.9,-61.69,-252.69,126.12,-5.58,-2.15,-7.4,-156.19,-166.81,-51.37,0.14,1.98,-5.05,-18.81,-22.69,-142.06,1.49,3.14,-0.66,-10.69,39.13,-46.19,1.06,1.11,-0.35,-10.69,10.56,1.37,-0.94,1.42,-1.07,23.38,-0.69,3.69,-0.12,1.01,-0.83,29.87,14.75,-4.25,-0.1,0.57,-0.43,1.25,13.5,-9.19,-0.46,0.79,-0.63,-8.25,3.87,-4.56,-0.01,0.61,-0.9,-2.19,5.81,2.62,circleCW
-9.39,-8.88,-9.0,-99.06,-103.69,-151.75,-4.9,5.94,-11.43,2.19,234.94,-392.44,-4.65,22.94,-3.94,150.56,437.81,22.06,-11.95,4.0,14.82,-174.69,115.88,374.69,-13.53,-5.02,0.61,-71.25,-232.0,220.75,-9.45,-4.63,-6.02,-148.25,-238.69,14.31,-1.99,0.0,-7.21,-126.94,-119.44,-142.19,2.23,7.55,-6.42,61.06,-17.5,-147.13,1.76,4.3,-0.28,61.37,31.19,-5.5,-1.04,0.05,-0.16,-9.88,22.06,9.0,-0.16,0.09,-0.68,4.81,17.87,4.69,-0.28,0.39,-0.21,-5.0,26.25,4.56,-0.65,0.12,-0.36,-0.88,5.0,-2.06,-0.23,0.13,-0.49,-16.0,12.44,-2.5,-0.02,0.71,-0.61,-6.87,5.94,0.37,circleCW
-8.64,-12.47,-7.68,-234.87,-87.62,-142.94,-4.84,8.13,-16.33,18.12,239.94,-375.94,-3.84,19.8,2.58,152.62,441.5,90.94,-15.65,-6.4,16.28,-232.19,79.19,318.12,-12.9,-4.55,1.42,-42.69,-244.56,234.62,-8.98,-3.67,-7.68,-130.69,-237.38,56.69,-0.26,-0.93,-7.38,-106.87,-104.75,-95.38,1.35,3.56,-2.82,-20.44,26.5,-86.19,0.96,1.85,-0.24,27.06,27.06,-14.81,-0.45,0.07,-0.68,9.94,1.44,7.44,-0.76,0.11,-0.82,12.5,8.0,-0.19,-0.43,1.19,-0.46,0.0,11.94,-0.81,-0.46,0.74,-0.18,-12.56,13.62,-1.56,-0.35,1.09,-0.41,-9.19,7.81,5.87,-0.5,1.34,-0.57,0.44,5.69,12.94,circleCW
-8.91,-7.87,-7.99,-40.5,-86.5,-147.62,-5.0,1.65,-12.07,28.44,174.75,-380.62,-4.91,19.04,-1.33,58.94,443.5,-8.5,-10.48,4.93,12.94,-252.0,192.25,294.94,-14.38,-4.14,2.83,-111.56,-220.69,260.81,-9.49,-5.49,-6.8,-141.62,-253.37,65.37,-2.83,-2.63,-8.98,-132.94,-124.62,-150.19,1.12,7.18,-5.67,48.75,18.5,-171.81,1.85,3.28,0.3,-1.25,45.0,-4.5,-0.15,-0.39,-0.06,-0.88,0.13,25.19,-0.55,-0.09,-1.14,-26.25,10.63,15.94,-0.54,0.83,-0.71,-6.25,11.94,5.44,-0.44,1.24,-0.49,-4.12,6.44,3.0,-0.53,0.57,-0.55,6.37,-1.62,6.31,-0.65,0.14,-0.55,1.25,0.5,6.37,circleCW
-4.59,-1.26,-10.08,-41.06,90.12,-292.69,-4.49,15.88,-8.19,153.75,413.0,-30.75,-13.29,16.39,15.95,-173.44,331.75,287.5,-15.86,0.45,7.4,-109.0,-136.25,324.75,-12.09,-4.3,-4.08,-111.94,-260.0,132.37,-6.82,-4.88,-8.45,-196.0,-193.62,-94.94,-3.27,0.08,-7.37,-142.69,-3.87,-246.19,0.43,7.05,-2.0,12.31,140.56,-140.5,0.95,4.9,4.15,20.31,33.5,11.5,-1.23,-0.38,-0.07,-2.87,-11.25,41.44,-1.15,-1.38,-1.05,-0.56,3.56,18.69,-0.28,-0.15,-0.54,-20.69,14.44,3.44,-0.24,0.54,-0.55,-30.31,13.88,7.94,-0.21,0.96,-0.6,-14.75,4.56,14.19,-0.48,0.95,-0.31,-12.88,6.44,25.0,circleCW
-12.86,-6.03,-12.77,3.19,-48.31,-242.25,-4.99,11.33,-12.89,19.0,286.69,-360.06,-1.99,20.22,9.14,68.44,378.06,181.25,-6.55,1.1,16.73,-8.88,12.19,340.19,-12.88,-2.99,1.6,-218.0,-210.44,182.0,-10.36,-1.85,-7.05,-89.87,-265.75,11.94,-4.73,-0.77,-8.09,-127.19,-144.06,-109.12,1.32,4.77,-4.2,-17.37,6.0,-147.13,2.0,3.56,-0.84,-22.25,46.31,-59.06,0.35,2.02,1.03,3.25,32.25,0.69,-0.45,-0.06,-0.26,12.44,17.75,15.38,-0.41,0.18,-0.44,2.37,18.69,6.37,-0.59,0.83,0.29,20.44,48.38,26.56,-0.38,-0.07,0.23,-19.69,18.94,12.69,-0.4,0.21,-0.31,-8.69,-2.31,4.06,circleCW
-11.69,-3.55,-11.12,50.5,-214.81,-271.81,-3.72,9.88,-14.93,59.75,354.87,-399.69,-2.54,27.99,0.5,125.81,382.06,13.69,-13.32,7.37,13.38,-120.25,17.94,328.19,-13.01,-3.99,-2.03,-160.37,-219.37,225.94,-7.8,-4.06,-8.34,-185.56,-217.87,-7.06,0.31,0.77,-5.72,-85.06,-49.44,-158.75,0.98,3.91,-1.34,-43.0,40.25,-96.63,0.11,2.09,0.69,-18.69,26.94,-16.81,-0.77,0.67,-0.09,-12.5,3.69,11.56,-1.23,0.44,-0.73,-26.25,15.5,8.63,-1.11,1.4,-0.77,-3.75,19.06,2.44,-0.92,1.29,-0.36,-25.31,24.81,6.81,-0.85,0.57,-0.23,-56.31,23.87,9.94,-0.81,0.92,-0.03,-32.0,14.81,4.75,circleCW
-9.15,-8.33,4.36,-216.0,-16.75,28.94,-9.83,0.33,-9.11,43.87,-58.5,-299.56,-10.68,21.51,-10.88,128.94,353.62,-295.0,-6.61,17.83,10.65,-138.25,396.06,255.87,-17.01,-0.94,13.19,-31.12,-69.25,314.31,-8.53,-2.65,-4.47,-96.0,-271.25,139.56,-5.47,-1.28,-7.21,-143.0,-190.5,-29.63,-0.86,0.57,-5.47,-97.69,-37.94,-133.87,0.38,4.89,-2.7,-1.06,41.06,-103.5,0.41,2.94,0.97,-2.87,11.75,-18.81,-0.05,2.45,-0.13,-4.06,-11.06,4.06,-1.44,0.61,-0.72,11.38,15.06,12.44,-1.25,0.79,-0.02,4.25,-8.5,-3.0,-0.93,1.11,-0.18,-6.0,-1.0,1.25,-1.17,0.37,0.03,-13.62,10.81,5.94,circleCW
-7.6,-10.28,-6.59,-143.5,-109.06,-45.38,-6.38,-1.98,-13.75,-130.37,150.75,-372.81,-4.97,20.0,-1.21,82.94,428.69,-84.62,-8.24,11.14,13.44,-185.81,251.06,343.31,-15.19,-2.43,7.14,-130.31,-186.75,280.62,-9.2,-1.89,-6.8,-87.37,-278.37,65.87,-5.06,-0.87,-9.0,-136.25,-168.19,-85.69,-1.43,3.18,-5.54,-36.5,4.31,-145.94,1.3,3.95,-0.84,2.19,65.94,-85.69,0.98,2.62,1.74,5.5,27.37,-11.88,-0.98,1.3,-0.21,-9.94,1.25,14.25,-1.21,0.64,-1.03,9.63,6.0,9.5,-0.62,1.36,0.06,16.5,18.31,1.12,-0.63,1.08,-0.15,1.06,12.13,5.44,-0.79,0.32,-0.75,-5.06,5.0,2.69,circleCW
-8.1,-3.69,-1.51,-183.19,-68.94,54.63,-7.66,-4.63,-11.72,-33.81,143.0,-379.81,-8.29,25.54,-6.38,35.25,390.87,-202.69,-11.03,11.31,14.27,-207.94,281.44,353.75,-18.6,-4.75,6.79,-101.06,-184.5,271.75,-9.55,-3.31,-5.99,-107.56,-270.69,92.75,-4.03,-1.53,-7.43,-146.56,-174.44,-100.94,-1.51,3.02,-6.74,-79.62,11.38,-194.5,0.8,5.08,-0.43,-16.37,103.87,-106.0,0.57,3.18,3.24,16.62,21.56,-18.87,-1.12,0.32,0.27,-21.31,-7.44,25.88,-1.86,1.04,-1.29,6.75,-0.62,11.94,-1.08,1.56,-0.19,3.12,15.13,9.81,-0.67,1.37,-0.39,-5.5,15.56,17.0,-0.83,1.54,-0.52,-2.87,1.31,19.5,circleCW
-2.74,7.92,-14.04,42.69,227.56,-329.06,-0.1,25.57,0.57,4.69,357.06,125.94,-14.91,8.42,13.44,-139.19,158.31,373.94,-13.11,-4.86,1.04,-57.06,-235.81,217.06,-7.92,-2.75,-7.39,-125.44,-240.44,32.63,-1.9,0.15,-6.73,-130.0,-111.31,-124.5,0.69,2.69,-3.75,-64.12,9.44,-126.5,1.32,3.11,0.02,-21.0,37.06,-57.94,-0.12,1.89,0.62,-12.44,5.56,-8.25,-0.93,0.81,-0.94,7.56,-8.38,-2.12,-0.56,0.88,-0.45,-1.0,13.62,-10.31,-0.73,2.39,-0.16,-8.0,11.12,-10.44,-0.37,2.31,-0.62,22.37,0.13,4.06,-0.98,1.63,-0.8,13.44,10.06,10.19,-0.81,0.64,-0.42,8.31,4.0,10.0,circleCW
-5.53,1.78,-13.22,-26.5,159.12,-333.63,-7.35,27.08,-0.99,189.5,444.13,39.5,-15.83,5.26,15.44,-232.0,247.0,355.62,-14.96,-5.12,1.69,-111.5,-237.12,246.62,-8.87,-3.52,-8.02,-136.5,-259.12,41.13,-2.01,-1.71,-8.67,-135.37,-114.25,-145.62,0.85,5.38,-4.85,-10.25,18.69,-162.88,1.47,5.4,0.62,-22.5,40.31,-57.38,-0.52,2.51,-0.46,-12.56,-6.12,-2.12,-0.43,1.58,-1.25,-20.62,6.81,4.87,-0.06,1.3,-0.69,-22.75,11.94,1.62,-0.1,1.75,-0.98,-19.5,13.38,8.0,-0.68,1.74,-0.94,-27.62,5.12,13.44,-0.2,1.06,-0.58,2.06,0.94,12.75,-0.16,0.69,-0.44,-12.56,1.62,8.13,circleCW
0.99,15.55,-10.07,111.06,339.31,-140.81,-10.29,17.51,7.73,-190.75,384.19,223.75,-16.15,-0.01,9.09,-121.37,-104.38,307.62,-9.21,-3.51,-5.35,-95.94,-244.94,123.94,-5.46,-2.68,-7.98,-166.69,-187.44,-66.5,-1.42,2.39,-4.9,-79.94,-25.56,-197.94,1.11,4.03,-2.32,-55.0,46.19,-172.37,0.89,2.91,0.55,-4.56,59.75,-37.81,0.04,0.69,0.65,2.37,6.5,12.13,-1.23,0.05,-0.72,-9.5,6.56,18.37,-0.74,0.64,-0.29,-5.37,12.31,14.69,-0.28,0.34,-0.24,-5.44,10.94,15.88,-0.5,0.94,-0.53,-5.25,-2.0,8.19,-0.45,0.83,-0.57,3.75,-4.5,12.5,-0.45,0.4,-0.46,5.19,-5.0,10.13,circleCW
-5.18,-4.17,-12.85,-71.25,60.19,-161.81,-0.4,15.18,-9.07,130.0,369.56,-96.0,-7.66,14.54,11.41,-141.37,295.88,281.5,-16.64,-2.73,7.51,-178.5,-151.5,257.0,-9.76,-2.97,-6.53,-107.25,-285.44,32.19,-5.79,-0.7,-8.09,-139.19,-178.0,-113.56,-2.11,1.86,-6.36,-100.25,11.5,-179.19,0.45,4.78,-1.97,13.25,101.69,-153.5,1.35,3.79,3.51,14.75,55.63,-39.81,-0.13,0.83,1.58,-14.56,-13.38,27.13,-1.3,0.02,-0.74,-20.0,-25.94,24.12,-1.25,0.19,-1.32,-27.0,2.81,18.87,-0.05,0.13,-0.91,7.69,2.06,12.81,-0.38,0.95,-0.41,12.25,2.06,11.81,-0.7,0.25,-0.25,8.44,0.75,11.0,circleCW
-0.98,9.02,-7.82,61.13,301.75,-185.06,-4.97,14.31,14.45,-30.19,281.56,342.37,-15.7,2.17,10.29,-93.19,4.19,416.88,-11.99,-3.73,-0.98,-117.5,-242.5,151.56,-9.29,-1.59,-6.94,-146.56,-240.56,-36.38,-4.95,-0.47,-8.06,-162.69,-120.87,-180.25,-0.4,4.57,-5.46,-61.31,65.31,-252.25,0.6,5.88,1.45,24.56,127.0,-103.5,1.29,3.5,2.18,-9.69,32.94,14.25,-0.7,1.49,-0.46,-2.5,0.44,41.13,-1.13,-0.1,-1.05,2.69,7.94,27.56,-0.46,0.24,-0.65,-42.94,20.69,-0.69,-0.3,1.69,-0.14,-9.88,23.94,-1.44,-0.01,2.13,-0.31,0.69,7.56,6.69,0.13,1.7,0.14,-32.69,3.5,15.81,circleCW
-10.81,-7.57,-7.03,-83.25,-122.25,-76.75,-6.18,6.48,-13.33,-15.81,91.81,-363.75,-0.55,18.99,-8.55,76.37,508.0,-187.62,-10.79,11.42,17.21,-285.63,230.94,385.56,-16.43,-2.48,3.24,-233.38,-198.19,258.31,-10.9,-0.98,-7.19,-146.06,-281.31,29.87,-7.08,0.09,-9.0,-175.87,-165.31,-133.56,-2.84,4.1,-6.2,-25.5,-39.88,-188.0,2.24,7.08,-1.98,16.31,51.44,-158.81,1.68,5.66,1.01,10.38,60.56,-29.5,0.0,2.7,0.36,9.19,20.81,14.63,-0.12,0.78,-1.16,11.19,27.75,25.25,-0.08,1.61,-1.12,-11.81,39.31,13.88,0.11,1.71,-0.7,13.31,32.38,7.31,0.19,1.99,0.3,3.69,12.56,15.5,circleCW
-13.24,-10.13,-7.98,-144.25,-107.12,-26.37,-6.92,-0.15,-15.12,10.69,168.69,-410.56,-7.46,25.45,-2.45,170.69,533.25,-104.06,-10.98,5.23,21.9,-245.5,156.75,338.75,-14.5,-5.65,0.79,-79.69,-278.0,214.25,-7.67,-5.66,-9.38,-191.31,-217.44,-23.38,0.12,2.27,-7.98,-2.62,-32.88,-158.0,2.2,5.3,-0.16,3.81,26.5,-50.06,0.14,1.15,-0.08,-15.75,9.31,12.75,-0.46,0.41,-1.41,-10.31,-2.94,15.81,0.08,0.41,-1.03,-14.56,25.12,5.12,0.49,0.78,-0.43,-10.0,36.0,-1.62,0.17,1.3,-0.38,-25.94,31.87,6.25,0.32,1.29,-0.69,-12.0,16.5,11.63,0.28,0.87,-0.42,7.81,9.88,14.63,circleCW
-10.7,-4.77,-8.71,-11.5,-85.19,-222.56,-4.21,15.91,-11.55,206.81,267.62,-307.81,-2.95,21.77,6.15,-13.81,357.25,94.19,-11.88,0.2,13.46,-36.75,-49.13,277.31,-8.45,-5.43,-1.96,-39.69,-218.94,128.56,-4.7,-2.77,-8.87,-108.06,-154.44,-55.63,1.98,2.47,-6.47,38.31,-16.69,-108.75,1.46,3.41,-0.09,-10.31,18.37,-39.38,0.31,2.26,0.06,10.25,-6.31,5.56,-0.25,1.1,-1.23,7.25,-7.94,21.37,0.28,0.64,-0.94,-37.31,4.62,15.5,0.4,0.14,-0.52,-88.56,6.87,3.94,0.24,1.31,-0.37,-30.31,3.56,10.38,0.15,1.32,-0.39,-8.63,-1.44,16.31,0.5,1.46,-0.58,-23.75,-1.12,26.87,circleCW
-11.89,-5.49,-13.82,57.88,-24.31,-224.25,-2.71,18.54,-6.06,165.69,363.06,-305.12,-2.76,15.21,11.6,-64.06,229.56,292.25,-7.43,-0.72,11.56,-5.5,-102.81,308.69,-6.75,-4.16,-1.2,-113.88,-230.75,70.94,-5.64,-0.58,-5.54,-78.31,-186.19,-68.81,-2.17,1.4,-5.81,-62.38,-45.88,-138.94,0.64,4.28,-3.33,28.12,90.44,-104.69,1.35,4.68,1.78,68.94,37.69,-19.87,0.41,0.13,0.54,-3.37,-8.13,13.56,-0.65,-0.56,-1.08,33.25,-5.5,15.13,0.28,0.91,-0.82,8.38,14.63,7.56,0.5,1.37,-0.48,-9.19,19.19,-1.75,0.26,1.48,-0.16,12.5,17.87,0.44,0.3,1.43,-0.22,3.5,9.56,5.31,circleCW
-14.74,-2.74,-9.76,48.13,-114.37,-208.69,-0.44,18.41,-10.8,145.56,301.75,-293.19,-2.64,18.96,12.05,-17.12,358.75,208.44,-10.78,-0.71,12.65,-206.63,-73.94,259.81,-8.73,-2.59,-2.3,-44.88,-226.19,102.25,-5.67,-1.86,-7.91,-125.44,-184.87,-50.12,1.17,1.43,-4.86,-45.81,-38.13,-156.5,2.55,5.86,-1.8,-60.56,43.81,-118.56,1.51,2.66,0.28,30.12,14.44,-25.0,0.29,0.82,-0.56,1.44,6.25,3.56,0.19,1.15,-0.7,-31.25,7.94,1.62,0.68,0.54,-0.74,14.69,8.81,8.88,0.31,1.93,-0.73,-35.25,20.37,6.12,0.44,1.28,-0.39,1.62,16.5,15.44,0.24,0.81,-0.2,-9.38,13.06,15.44,circleCW
-4.28,-1.97,7.65,-195.25,-23.5,69.25,-19.47,-4.15,-10.55,2.19,-63.44,-166.12,-8.79,12.13,-12.57,-14.13,184.44,-414.81,-1.22,24.91,2.53,112.81,459.31,41.13,-10.68,2.15,19.42,-261.19,251.25,392.5,-14.57,-3.6,5.61,-193.44,-164.88,193.87,-9.67,-1.25,-5.56,-109.37,-246.62,6.0,-6.11,-0.6,-8.05,-120.69,-153.25,-103.69,0.95,4.76,-5.24,1.37,-40.56,-125.0,3.23,4.65,-2.01,22.81,30.19,-48.0,0.71,1.32,-0.53,-16.81,34.56,3.44,0.46,0.67,0.13,30.69,14.94,13.44,0.36,0.72,-0.36,-17.06,18.75,6.69,0.23,1.0,-0.94,-11.25,25.5,12.94,0.69,1.2,-1.05,-7.31,25.25,15.38,circleCW
-10.12,-7.32,-8.2,-58.69,-65.56,-194.62,-9.59,8.3,-12.52,110.25,149.0,-362.31,4.45,23.53,-2.46,135.31,314.5,-41.37,-6.87,16.36,12.39,-72.06,379.81,261.19,-11.49,-1.05,6.43,-100.19,-126.5,241.12,-8.1,-2.52,-3.55,-102.25,-191.19,100.94,-5.45,-2.86,-5.46,-126.12,-130.25,-30.25,-1.31,0.76,-5.52,-66.94,-76.0,-106.19,2.05,3.13,-2.27,8.69,7.69,-87.12,1.86,3.53,-0.14,0.44,15.69,-15.44,0.86,0.7,-1.27,5.25,-12.31,9.38,0.06,0.09,-2.05,-18.69,9.81,3.0,0.93,1.11,-1.54,10.81,26.69,1.5,0.98,1.29,-0.5,-29.75,32.94,5.06,0.54,1.08,-0.18,-28.75,23.5,22.81,circleCW
-8.59,-0.42,-11.89,112.62,20.06,-376.37,-1.69,21.93,-6.07,167.0,365.0,-195.06,-4.68,17.84,12.03,-98.0,374.56,182.75,-11.08,2.08,9.02,-91.25,-69.75,268.69,-8.59,-2.83,-1.85,-90.5,-179.38,154.63,-5.67,-3.74,-5.63,-114.81,-160.69,7.25,-3.13,-1.37,-8.48,-152.94,-74.81,-145.75,3.08,5.61,-2.75,46.06,15.5,-148.5,2.4,3.82,1.07,-6.69,15.13,-20.06,-0.11,-0.18,-1.05,-4.87,-6.0,28.0,-0.24,-0.35,-1.82,1.87,6.5,14.75,-0.04,0.7,-0.9,-37.5,32.63,7.69,0.43,0.83,-0.33,-6.5,26.69,11.81,0.55,1.11,-0.78,33.38,7.0,11.63,0.68,2.32,-1.01,74.87,-0.81,17.69,circleCW
-8.53,-6.16,-9.13,22.56,-43.69,-262.63,-7.72,20.28,-11.74,231.25,376.31,-333.06,-6.95,21.45,11.36,-323.31,394.0,169.94,-14.11,-0.34,9.11,-103.0,-89.81,309.12,-10.53,-3.85,-3.24,-73.31,-223.19,127.94,-5.98,-2.69,-8.2,-152.56,-183.62,-41.69,-0.26,0.85,-7.65,-100.44,-55.81,-159.87,2.79,4.09,-2.15,-33.63,39.88,-110.94,1.3,4.13,0.34,-15.75,33.5,-2.75,0.2,1.51,-0.82,-4.12,-4.0,20.56,-0.64,1.12,-1.22,5.81,14.06,17.37,-0.24,0.8,-0.17,12.69,8.44,12.06,0.01,0.96,-0.36,-7.31,13.75,11.88,0.02,0.79,-0.69,-31.06,14.25,16.87,0.44,2.16,-1.49,4.62,9.25,21.37,circleCW
-13.02,-5.82,-11.85,-12.06,-80.5,-234.56,-8.19,10.73,-16.19,145.62,409.75,-278.25,-7.67,19.98,16.16,-109.12,376.88,120.81,-14.78,-0.5,11.28,-187.31,-9.19,312.56,-8.92,-3.34,-1.66,-89.5,-216.25,184.25,-5.49,-3.15,-6.88,-182.56,-198.56,-29.87,-0.4,0.96,-6.63,-119.81,-64.81,-160.12,1.28,4.59,-4.53,-23.31,31.75,-124.12,1.34,4.52,0.33,19.94,32.94,-38.13,0.65,2.26,0.28,25.69,-0.75,10.19,-0.61,0.58,-1.11,17.19,-9.63,16.75,-0.06,1.33,-0.84,15.56,2.69,12.31,-0.02,2.09,-0.2,-13.88,3.19,9.44,-0.46,1.55,-0.82,-25.88,3.06,2.19,0.09,1.71,-1.01,-24.19,3.69,-0.56,circleCW
-5.35,21.58,-7.71,191.62,383.62,-223.94,-13.36,13.25,15.08,-336.44,350.0,316.38,-14.44,-4.45,6.09,-128.75,-168.31,285.19,-8.05,-2.82,-4.14,-110.0,-236.44,81.44,-4.72,-0.89,-7.39,-133.87,-146.44,-67.81,-0.96,1.25,-5.92,-64.0,-23.81,-155.81,1.41,4.76,-2.46,-28.81,50.5,-120.56,1.94,3.53,0.97,-21.12,36.63,-43.25,0.26,3.13,-0.17,17.44,-11.38,0.75,-0.78,1.34,-1.22,20.81,-5.44,15.31,-0.3,1.18,-1.47,1.12,9.75,6.37,-0.26,1.74,0.03,0.69,12.63,7.06,0.0,1.73,-0.55,-7.94,5.06,4.44,-0.27,1.78,-0.62,5.69,1.06,10.5,0.15,1.32,-0.69,-12.69,-1.94,13.13,circleCW
-4.17,21.21,-10.09,236.19,445.12,-182.62,-12.3,4.08,17.09,-240.56,235.06,309.62,-14.97,-3.95,3.89,-146.0,-144.81,284.25,-8.28,-2.65,-3.91,-101.75,-220.88,120.75,-5.09,-2.16,-7.82,-158.0,-161.62,-82.25,0.33,1.66,-6.3,-106.44,-21.94,-193.75,3.42,6.19,-1.05,-74.25,57.69,-130.56,0.85,3.21,1.31,-8.13,15.31,-0.81,-0.17,1.77,-1.63,-10.06,-21.31,12.0,-0.24,1.98,-1.77,25.56,3.75,14.75,-0.23,1.09,-0.46,26.69,8.69,10.81,-0.34,0.93,0.0,-24.56,16.44,0.69,-0.66,2.45,-0.13,-2.44,9.19,5.56,0.22,1.86,-0.47,1.19,-0.94,13.38,0.0,1.23,-0.45,-4.62,-1.31,12.25,circleCW
-13.71,-8.07,-11.05,-60.63,-42.56,-215.44,-7.95,23.45,-13.58,251.88,432.25,-308.81,-8.81,18.6,14.66,-230.37,368.5,218.5,-14.37,-0.37,11.03,-109.87,-49.25,310.25,-8.92,-2.89,-1.69,-99.81,-201.62,135.44,-5.69,-1.47,-5.93,-156.12,-171.5,-23.44,-1.45,0.98,-7.46,-161.75,-39.19,-172.81,1.38,4.31,-3.21,11.81,66.44,-148.06,1.37,3.9,1.86,12.31,28.0,-18.75,-0.39,1.18,-0.48,-14.25,-10.25,15.56,-0.77,0.69,-1.25,-14.94,6.81,11.81,-0.15,1.57,-0.73,16.12,9.31,-6.06,0.01,1.24,-0.23,-2.37,6.31,2.0,-0.21,0.66,-0.69,-23.38,5.06,3.87,-0.55,1.25,-0.6,-16.12,2.19,10.25,circleCW
-5.94,12.43,-13.4,103.06,150.62,-322.31,-4.63,19.29,0.52,68.0,435.56,98.19,-14.0,0.35,12.56,-275.56,179.87,383.87,-11.85,-5.02,2.35,-178.5,-202.38,237.31,-8.01,-1.97,-6.45,-138.69,-218.94,-21.75,-5.56,0.87,-8.7,-109.69,-115.12,-189.13,-0.96,4.74,-6.66,-22.0,59.25,-256.5,1.9,10.31,4.33,35.81,89.75,-92.37,1.13,3.33,1.83,14.75,-17.12,31.31,-1.72,0.12,-1.85,-3.62,-9.19,45.31,-0.74,0.69,-0.77,8.56,9.25,18.81,0.0,1.96,-0.39,-19.5,21.87,6.31,-0.39,2.19,-0.8,-3.87,6.37,7.94,-0.33,1.6,-0.68,-0.06,-21.19,11.0,0.19,1.17,-0.85,-5.87,-10.75,22.13,circleCW
-2.12,17.65,-5.68,114.75,355.56,-56.88,-8.14,14.19,11.66,-181.06,288.31,334.25,-13.68,-1.89,7.63,-142.13,-152.62,310.38,-9.88,-2.49,-3.53,-141.69,-235.88,91.75,-7.16,-0.73,-8.55,-178.81,-171.81,-113.44,-2.96,1.51,-7.55,-105.0,-6.19,-245.44,-0.71,10.37,-3.56,32.5,125.38,-234.12,4.4,8.62,0.39,91.31,117.69,-1.62,0.3,1.62,0.84,16.19,44.81,59.0,-1.31,-0.51,-0.63,-0.56,4.87,34.38,-0.74,0.43,-1.16,1.31,16.19,-8.13,0.0,1.72,-1.29,2.5,13.69,-13.44,0.17,1.48,-1.2,-7.25,1.19,-9.0,0.12,1.21,-1.18,-10.19,3.69,-3.31,0.15,1.01,-1.07,-10.19,-1.31,-3.81,circleCW
-3.09,0.58,-17.29,-50.06,40.31,-290.5,-0.31,16.88,-10.19,248.0,400.19,-76.69,-12.58,16.5,12.7,-301.94,345.19,258.19,-14.68,1.01,5.11,-163.56,-111.56,312.31,-9.92,-2.52,-4.12,-142.37,-210.19,91.63,-7.34,-1.43,-6.57,-160.37,-166.75,-56.31,-3.54,0.25,-6.21,-133.81,-66.87,-168.06,0.92,4.66,-3.5,-15.63,63.0,-201.0,1.4,4.19,0.78,17.87,64.44,-78.12,0.85,1.2,1.6,-17.81,18.56,5.75,-0.73,-0.13,-0.55,-19.19,8.25,16.87,0.0,0.14,-0.46,3.0,7.44,8.25,-0.07,0.63,-0.24,-10.94,14.63,11.44,-0.02,0.56,-0.16,-3.56,1.56,17.5,-0.28,0.78,-0.41,-9.69,-3.62,13.38,circleCW
-0.62,12.15,-11.73,74.31,200.31,-328.37,-7.49,25.56,5.86,-150.44,497.81,190.12,-14.66,1.75,12.09,-109.75,-1.56,323.56,-10.12,-1.55,-1.18,-77.44,-221.37,151.19,-9.09,-4.22,-7.26,-126.56,-219.37,3.06,-5.22,-1.69,-7.56,-123.19,-137.19,-139.25,-0.35,3.34,-5.15,-36.88,29.25,-248.25,2.39,6.97,0.93,24.0,85.62,-152.31,1.16,3.79,1.06,17.25,19.5,-5.94,-0.21,-0.05,-0.31,18.31,4.19,23.38,-0.68,-0.17,-0.52,-5.44,14.31,13.5,-0.29,0.85,-0.61,-30.19,20.69,5.5,-0.11,0.88,-0.36,2.06,8.56,7.69,-0.17,-0.22,-0.28,-13.44,0.44,6.75,-0.44,0.01,-0.27,-3.44,-2.12,1.81,circleCW
2.78,6.53,-9.34,-0.25,177.69,-133.25,-7.63,24.96,6.49,64.75,399.44,180.25,-15.58,5.01,8.36,-179.63,18.56,351.19,-11.76,-4.05,-3.88,-229.44,-202.13,169.94,-9.27,-2.96,-7.26,-214.44,-177.25,-49.25,-5.85,-0.91,-8.66,-182.37,-69.69,-220.12,-3.61,4.0,-6.87,-21.44,122.31,-324.0,0.49,8.56,-1.77,116.62,208.38,-145.25,0.56,5.23,5.37,-49.13,143.25,102.94,-2.29,-2.27,1.69,8.56,-5.94,118.56,-2.35,-2.75,-1.89,-6.44,-12.56,48.63,-0.7,-1.38,-1.37,-8.56,4.81,-5.56,0.07,1.11,-0.84,-4.69,13.0,-26.87,0.43,0.93,-0.81,-6.37,10.06,-9.63,0.19,0.7,-1.0,-4.87,3.75,4.75,circleCW
-8.14,6.09,10.0,-140.37,-27.06,237.0,-13.71,-6.74,-4.68,-174.06,-270.69,14.63,-9.73,-2.7,-12.13,-162.44,-157.56,-198.94,-6.57,4.19,-8.66,-20.69,81.81,-301.5,-3.89,9.21,-4.52,178.62,179.12,-242.31,-0.96,9.37,2.99,0.88,284.62,15.38,-2.63,2.2,6.4,-88.94,152.87,155.94,-3.39,-1.88,1.92,-59.94,3.12,137.88,-2.37,-3.53,-1.77,-58.75,-10.0,50.19,0.17,-0.65,-1.25,-2.31,6.62,-2.62,0.03,0.23,-0.49,-26.12,7.5,-18.44,-0.09,0.53,-0.64,4.87,5.06,-7.19,0.24,0.65,-0.45,-11.63,9.5,4.69,0.34,0.37,-0.3,-11.12,-0.37,3.44,-0.13,0.15,-0.57,-10.88,4.62,4.19,circleCW
-2.17,7.47,8.31,-128.62,29.75,138.75,-14.2,-8.08,-0.75,-155.5,-252.62,0.0,-12.83,-5.21,-13.01,-175.62,-265.12,-243.5,-8.73,6.05,-14.08,-14.56,126.25,-383.25,-2.57,12.53,-4.07,136.0,294.56,-113.25,-3.36,10.12,8.55,18.5,312.31,82.19,-5.16,1.68,6.71,-42.0,93.5,199.38,-4.55,-1.78,1.61,-33.25,-33.38,174.94,-3.13,-2.85,-2.32,-27.81,-64.5,78.62,-0.99,-2.28,-3.15,-22.31,-29.31,7.44,0.48,-0.35,-1.98,1.5,-7.06,-29.44,0.16,0.92,-0.55,-0.88,10.94,-20.31,0.15,0.84,-0.1,-4.69,5.0,-7.87,0.09,0.89,-0.32,-20.62,5.06,-3.0,0.27,0.93,-0.25,-9.44,7.12,1.0,circleCW
-6.92,4.55,7.08,-234.94,-34.31,84.81,-12.72,-3.84,-7.9,-120.81,-223.62,-57.62,-8.8,-1.24,-12.64,-46.5,-113.0,-222.44,-6.39,7.71,-10.84,166.62,91.94,-340.75,1.45,13.94,-2.37,93.25,315.12,-111.94,-2.81,6.92,7.07,-108.94,219.06,140.19,-4.82,0.41,4.83,-24.19,54.31,143.13,-2.82,-1.65,-0.19,-12.31,-14.31,82.69,-0.57,-0.07,-1.45,-20.75,-16.75,22.19,0.07,0.28,-1.89,-8.13,-9.19,-1.25,0.2,1.24,-0.9,15.19,-2.87,-9.75,0.42,0.91,-0.68,7.06,2.81,-3.69,0.29,0.28,-0.61,-37.94,6.87,2.81,0.39,0.11,-0.51,-42.19,5.31,-2.25,0.32,0.3,-0.81,-2.56,2.75,-1.75,circleCW
0.19,3.83,8.83,-386.31,151.63,121.56,-10.04,-3.8,-0.95,-178.06,-194.62,-50.63,-10.36,4.87,-4.07,-36.56,-334.87,-174.25,-7.98,3.75,-10.6,6.0,-60.31,-337.63,-4.03,9.9,-7.11,0.25,164.56,-334.25,0.28,11.46,-1.48,50.31,308.0,-7.31,-4.41,5.11,7.21,-61.19,275.31,157.56,-5.52,-2.36,6.47,-75.94,31.06,173.81,-3.74,-1.96,-0.44,-55.12,-46.0,92.37,-1.1,-1.55,-3.19,-16.37,-22.0,22.87,0.98,1.27,-1.78,-8.75,1.62,-18.81,0.29,0.54,0.0,-2.94,17.19,-12.88,-0.12,-1.11,0.09,-21.19,13.25,-1.19,0.3,0.21,-0.44,-25.12,3.25,2.62,0.32,0.81,-0.57,2.5,1.37,4.25,circleCW
1.3,4.12,10.79,-60.44,29.87,73.31,-11.52,-1.09,2.62,-198.62,-217.94,41.88,-13.51,-2.39,-12.19,-163.12,-245.44,-135.12,-8.02,1.72,-11.29,-52.19,13.81,-289.87,-3.66,10.0,-5.86,52.38,225.0,-295.06,-1.62,12.85,0.33,67.44,313.56,-58.0,-2.38,8.38,7.54,0.5,229.19,141.75,-5.17,0.65,6.19,-45.5,0.75,222.44,-4.34,-1.71,0.39,-68.37,-91.69,168.62,-3.19,-1.07,-2.88,-65.31,-95.87,84.31,-2.1,-0.88,-4.43,-15.5,-38.56,23.94,-1.45,-1.13,-2.77,12.56,3.56,-8.19,-0.24,-0.95,-1.53,14.63,32.5,-53.75,-0.89,0.8,-1.07,25.12,78.62,-74.12,0.12,1.73,-0.52,31.75,56.13,-61.31,circleCW
0.86,-0.12,3.79,94.62,-162.19,21.62,2.51,4.5,-4.86,113.0,-234.0,89.06,-5.17,-0.11,-17.31,56.56,-28.87,176.63,-23.24,-8.52,-10.95,30.75,573.5,49.94,-23.08,-7.6,7.27,134.94,326.0,-258.38,-14.92,10.72,15.33,160.81,-154.63,-388.12,-3.44,13.89,-6.27,13.06,-411.06,-183.31,-2.83,4.64,-10.44,217.0,-309.87,205.75,-2.21,-2.7,-3.97,64.5,-4.75,242.31,-3.4,-2.97,0.59,7.62,56.44,125.75,-1.52,-1.45,1.97,22.56,31.75,37.13,-0.43,-0.54,0.49,21.5,21.56,-7.5,0.26,-0.18,-0.2,3.06,15.81,-4.87,0.66,-0.48,-0.32,0.0,9.31,-5.19,0.26,-0.4,-0.28,2.31,6.25,-0.88,circleCCW
0.26,-2.4,-6.1,98.5,-124.25,-35.38,-9.6,-3.26,-11.0,212.56,245.44,-46.37,-21.43,0.17,10.14,-82.0,476.94,-275.25,-15.41,-3.05,21.29,-11.06,-9.31,-344.0,-2.62,11.94,2.92,-27.5,-340.12,-289.81,-2.89,7.48,-8.3,168.81,-355.56,17.31,-3.16,1.55,-7.11,226.0,-85.94,247.19,-4.44,-2.29,-1.56,120.75,118.75,214.12,-3.25,-3.53,4.15,72.37,69.87,63.69,0.16,-1.55,2.02,24.75,7.87,-11.63,0.58,-1.08,-0.55,-4.75,-1.5,-23.62,0.21,-0.68,-0.51,8.81,7.31,-17.94,0.5,-0.97,-0.1,0.25,6.37,-12.0,0.46,0.19,0.32,7.25,1.12,-12.0,0.12,0.3,-0.05,14.87,-1.0,-2.37,circleCCW
-6.76,-2.71,-10.78,57.06,206.31,2.87,-21.42,0.86,6.55,-6.19,428.81,-305.19,-16.22,-0.89,20.33,53.63,-49.38,-389.25,-4.78,9.28,2.49,16.87,-311.87,-309.94,-4.17,8.02,-8.97,179.69,-329.94,45.63,-3.71,1.15,-6.69,177.75,-128.5,241.63,-4.27,-2.44,-2.95,119.37,67.5,230.19,-3.49,-3.8,0.64,97.37,104.0,105.81,-1.4,-2.71,2.98,44.94,52.94,1.31,-0.18,-0.46,1.47,12.75,10.69,-37.06,0.38,-0.36,0.35,7.37,-10.19,-23.25,0.12,-0.48,-0.16,3.25,-6.25,-6.06,0.35,-0.38,-0.32,-39.38,8.94,-7.5,0.1,-0.3,-0.11,-37.13,11.5,-4.31,-0.1,-0.14,-0.23,-0.81,2.37,4.62,circleCCW
-13.82,-2.3,13.55,63.63,303.5,-296.31,-11.12,7.65,16.62,68.12,-139.5,-380.75,-6.6,16.36,-3.51,88.0,-404.5,-124.0,-6.18,3.3,-10.16,157.06,-245.5,288.56,-4.48,-0.99,-4.67,179.63,82.44,302.87,-6.34,-1.75,1.61,64.75,142.69,125.38,-2.83,-2.48,2.68,74.87,73.75,24.5,0.61,-1.41,2.53,7.44,17.56,-53.44,0.61,0.03,1.39,-19.5,-15.69,-34.31,0.37,0.14,-0.33,1.44,-24.19,1.31,0.36,-0.56,-0.48,5.0,-12.25,7.56,0.13,-0.88,-0.28,-5.81,1.81,2.0,0.07,-0.7,0.05,-2.37,-0.44,-1.62,-0.04,-0.33,-0.02,-5.06,-0.69,-4.06,0.11,-0.45,-0.07,1.81,-9.06,-2.37,circleCCW
-17.74,3.46,10.4,102.06,100.81,-398.87,-7.87,7.7,6.44,94.06,-271.5,-310.38,-2.38,10.32,-9.58,191.69,-346.69,111.75,-4.5,0.39,-6.91,106.0,-115.44,304.25,-4.34,-2.16,-3.58,52.94,56.37,236.56,-4.41,-2.93,-1.76,60.69,104.12,132.19,-3.32,-3.07,0.9,68.87,115.37,33.44,-0.72,0.87,2.78,53.44,73.37,-31.94,-0.12,0.72,2.72,39.5,7.69,-25.62,-0.15,0.0,0.46,21.12,-26.19,-9.69,-0.33,-0.26,-0.63,21.56,-13.0,-0.88,-0.36,-0.73,0.06,0.31,-13.06,-6.69,-0.09,-0.15,-0.21,23.19,-16.19,-9.06,0.18,-0.81,-0.05,19.25,-7.5,-4.06,-0.02,-0.55,0.08,-9.5,-9.19,-5.5,circleCCW
-16.93,-7.94,-1.12,175.0,485.06,-215.87,-17.13,1.45,18.71,6.87,36.56,-348.0,-3.84,9.45,3.47,64.5,-316.44,-226.31,-3.21,7.46,-6.91,124.81,-362.75,43.63,-2.9,-0.32,-7.4,134.37,-140.06,230.56,-4.94,-1.1,-4.99,53.06,79.56,212.44,-3.24,-3.73,-1.33,97.62,123.81,112.25,-0.51,-0.76,4.06,88.06,56.75,13.13,-0.25,0.23,1.82,38.44,10.44,-15.5,-0.57,-0.48,0.0,27.75,-1.25,-9.31,0.0,-0.42,0.12,10.94,-5.0,-5.56,0.02,-0.11,0.03,10.94,-2.06,-4.06,0.33,-0.38,-0.06,14.5,-7.25,-2.25,-0.28,-0.54,-0.01,4.62,-0.62,-0.75,-0.47,-0.65,0.0,-0.37,0.62,-1.12,circleCCW
-9.16,-7.74,-0.14,63.19,399.25,-126.62,-11.59,2.35,15.02,-57.19,-0.56,-386.0,-6.14,7.57,6.73,60.69,-292.37,-257.69,-4.28,8.26,-7.67,150.69,-352.69,57.25,-4.79,0.84,-7.15,141.19,-113.75,265.56,-4.6,-1.62,-4.95,84.25,110.12,238.87,-4.81,-4.11,0.28,57.25,169.25,111.19,-2.73,0.26,4.77,47.06,104.31,-27.62,-1.28,1.01,4.64,39.88,24.5,-29.75,-0.69,-0.22,1.08,1.75,-30.25,-5.62,-0.64,-0.61,-0.57,31.75,-21.62,3.94,-0.81,-0.66,-0.13,7.5,0.75,4.37,-0.56,-0.64,0.4,8.94,-10.38,-7.56,-0.64,-0.31,0.55,6.87,-8.44,-2.5,-0.49,-0.68,0.48,-6.75,-8.75,-0.75,circleCCW
-19.87,-6.63,11.28,73.0,210.88,-361.31,-9.6,15.05,12.1,41.5,-267.62,-274.75,-7.15,13.9,-7.1,76.62,-380.69,-35.19,-5.54,2.28,-10.5,213.5,-244.31,260.06,-6.99,-3.54,-7.95,130.12,35.06,279.13,-6.89,-1.41,-3.07,154.94,232.12,148.38,-6.02,-4.11,4.86,87.56,180.63,-3.37,-1.22,0.69,4.71,37.25,14.75,-71.56,0.26,0.68,1.15,49.44,-25.5,-17.62,-0.5,-0.84,-0.06,27.13,-24.19,-10.94,-0.16,-0.87,-0.37,3.0,-6.75,-10.25,-0.01,-0.85,-0.53,7.06,1.12,-10.81,-0.78,-0.22,0.09,8.0,-5.87,-5.87,-0.62,-0.13,0.06,3.87,-7.37,-3.5,-0.46,-0.06,0.17,7.37,-3.31,-1.62,circleCCW
-3.93,-9.0,2.13,76.69,235.94,-131.87,-19.72,0.59,15.97,92.19,90.56,-338.12,-10.45,13.96,4.75,119.87,-355.37,-203.44,-5.73,8.17,-10.43,144.25,-397.69,136.69,-7.3,0.05,-10.46,110.31,-141.75,295.81,-9.67,-1.42,-6.6,57.25,105.81,299.31,-8.54,-2.72,-1.06,111.12,233.69,152.62,-5.13,-4.18,7.09,16.25,203.06,-30.37,-2.62,1.2,7.06,30.81,86.69,-71.69,0.51,1.31,1.78,54.88,-28.69,-38.31,-0.12,0.34,-0.75,36.88,-49.56,-24.0,-0.54,-0.09,-0.35,46.06,-21.5,-7.19,-0.2,-0.72,0.02,12.63,-4.44,-9.5,-0.53,-0.38,-0.19,2.5,-1.81,-5.87,-0.23,-0.45,-0.08,9.81,5.0,-2.87,circleCCW
-5.15,-2.74,-0.63,39.81,142.81,-40.75,-9.81,-10.44,12.17,147.56,143.87,-290.31,-5.82,11.43,4.17,171.19,-253.81,-288.75,-4.09,8.21,-7.95,316.81,-265.31,59.31,-7.59,0.26,-7.17,-61.63,28.19,276.44,-10.26,-2.97,-6.01,-76.69,118.69,313.5,-6.85,-5.9,-4.76,-39.31,219.19,166.69,-4.71,-7.71,2.23,64.94,280.06,0.5,-4.79,-0.68,7.28,50.94,27.62,-89.25,0.37,1.91,-0.08,75.87,-102.31,-32.06,0.39,0.29,-1.89,82.5,-77.5,-7.25,-0.03,-0.46,-0.88,54.69,-21.12,3.25,-0.83,-0.58,0.66,14.25,8.69,3.37,-0.63,-0.35,0.65,9.63,-3.0,-1.31,-0.88,-0.31,0.18,10.69,-6.87,4.44,circleCCW
-4.37,-10.13,-1.56,-121.81,293.37,-107.0,-14.16,-1.05,12.6,-23.81,134.37,-315.25,-2.42,15.52,4.73,206.63,-368.75,-77.06,-4.06,4.28,-9.28,149.87,-306.81,37.19,-5.78,0.3,-8.06,127.0,-21.69,224.06,-8.22,-2.43,-4.71,-36.94,175.06,253.37,-6.11,-4.3,0.1,-8.75,200.44,139.56,-3.68,-5.03,2.15,74.94,188.37,-9.81,-1.61,0.45,5.62,50.12,102.94,-104.81,-1.03,3.08,3.64,83.75,-19.87,-46.5,-0.1,-0.41,-0.09,44.44,-52.81,4.25,-0.31,-0.67,-0.75,30.44,-23.5,17.25,-0.55,-1.27,0.19,22.31,-12.69,10.94,-0.66,-0.56,-0.04,24.0,-11.88,9.25,-0.61,-0.5,0.03,-5.12,0.94,1.19,circleCCW
-13.27,-5.13,15.68,45.56,174.44,-264.25,-4.59,13.11,5.16,115.56,-315.87,-217.5,-2.07,7.01,-11.77,182.81,-324.19,207.31,-4.69,-1.67,-6.36,36.06,41.69,282.94,-8.67,-3.73,-5.41,-23.12,230.44,185.56,-8.21,-5.21,-1.76,-12.94,276.19,36.25,-6.41,-2.15,8.15,31.62,183.19,-115.94,-3.7,1.04,7.05,84.13,-34.56,-99.5,1.12,2.0,-0.72,65.0,-96.12,-5.5,0.06,-0.02,-1.3,30.81,-41.5,10.69,-0.58,-1.18,-0.31,19.37,6.81,7.12,-1.23,-0.06,0.77,16.31,14.19,1.12,-0.68,-1.18,0.21,11.38,4.12,7.12,-0.52,-1.0,0.35,9.81,3.37,5.94,-0.81,-0.85,1.07,14.75,-3.31,19.5,circleCCW
-14.02,-2.25,14.44,231.0,-79.94,-276.06,-3.83,15.45,-8.66,120.87,-335.19,42.44,-6.84,0.97,-9.75,101.19,-140.12,346.81,-7.54,-5.74,-4.59,-33.06,79.75,292.0,-7.35,-6.67,-4.3,3.12,218.0,109.94,-6.19,-4.0,3.51,68.06,280.94,-65.44,-4.85,0.68,6.68,48.75,84.94,-130.31,-1.12,1.78,1.95,78.12,-62.81,-37.75,0.51,-0.3,-0.56,10.56,-26.0,3.94,-0.37,-0.29,-0.21,35.06,-2.19,5.06,-1.25,-1.75,0.54,4.94,5.69,5.62,-0.77,-1.37,0.46,5.75,-1.87,-2.94,-0.89,-0.68,0.67,-15.19,4.44,-2.12,-0.66,-0.51,0.1,7.87,-10.88,0.19,-0.74,-0.74,0.32,-7.94,-2.81,3.81,circleCCW
-9.81,-6.19,14.58,138.12,-68.31,-204.63,-4.43,11.42,-1.34,183.94,-369.87,-99.62,-5.92,3.87,-9.62,140.06,-308.13,209.69,-6.73,-2.66,-7.3,80.69,63.06,297.37,-6.94,-6.4,-5.77,-60.25,199.0,173.75,-7.38,-6.08,-2.8,8.25,302.31,60.94,-7.19,-0.54,7.33,136.06,208.94,-97.62,-1.42,0.89,7.01,33.19,-9.5,-98.44,0.39,0.47,0.15,82.19,-64.31,-28.81,0.27,0.41,-0.92,-2.06,-19.81,6.44,0.16,-1.31,-0.78,32.38,-7.75,7.0,-0.88,-1.58,0.48,-2.94,5.87,2.81,-1.05,-1.16,0.84,-6.69,-0.13,2.44,-0.36,-0.56,0.16,1.5,-6.75,9.44,-0.55,-0.89,0.2,-7.5,-3.31,3.94,circleCCW
-7.4,-12.01,11.92,-1.5,102.81,-241.5,-8.57,5.54,8.85,9.63,-247.69,-293.37,-4.44,8.17,-9.42,199.56,-417.69,100.94,-5.59,-0.06,-8.17,207.5,-131.19,315.56,-7.33,-1.11,-5.31,49.31,144.69,215.44,-5.58,-4.35,-3.53,63.81,218.44,67.37,-6.66,-4.49,1.09,83.25,184.13,-54.5,-2.35,0.11,4.11,68.75,101.56,-155.0,-1.56,2.25,3.81,65.44,5.0,-85.81,0.45,0.93,0.62,37.25,-48.25,-15.69,-0.2,-0.58,-0.69,23.87,-39.88,-1.81,-0.6,-1.1,0.44,37.25,-10.0,8.31,0.06,-1.0,0.45,8.13,-10.63,-4.5,-0.3,-0.69,0.4,-9.56,1.12,0.69,-0.49,-0.14,0.47,10.94,-4.25,2.5,circleCCW
-7.68,-15.58,10.82,-81.81,266.25,-282.25,-13.09,1.91,16.46,32.69,-118.56,-339.0,-3.8,8.77,-7.22,154.75,-367.94,-0.75,-3.86,1.33,-9.66,185.94,-226.5,230.0,-5.7,-0.89,-6.2,129.44,43.5,260.06,-8.02,-2.54,-4.85,40.63,249.19,126.75,-9.34,-6.46,2.84,99.37,335.88,-35.56,-8.07,-4.2,9.37,3.87,160.69,-160.37,-1.11,1.85,4.13,60.63,-43.75,-75.31,1.07,1.13,-0.81,56.37,-87.62,0.62,0.35,-0.93,-1.69,28.75,-40.25,24.56,-0.2,-1.82,0.02,15.38,-1.06,18.0,-0.73,-2.11,0.61,-0.56,11.0,1.31,-0.56,-1.25,0.58,-11.63,7.06,1.37,-0.52,-0.69,0.6,2.0,-1.87,4.75,circleCCW
-5.09,-11.74,3.45,33.56,139.0,-179.75,-12.82,4.48,8.84,341.06,-138.44,-247.56,-1.13,16.6,-9.32,246.31,-306.69,210.44,-8.23,-0.93,-7.24,19.25,-44.63,409.44,-11.57,-6.1,-7.84,-110.19,108.87,300.38,-8.5,-6.88,-4.02,36.25,228.0,130.87,-6.88,-4.89,0.86,279.69,269.81,-84.06,-1.88,3.0,8.95,92.06,46.63,-146.31,0.55,1.82,2.47,47.94,-67.94,-41.44,0.0,-1.34,-1.0,-6.37,-44.06,14.06,0.49,-1.93,-1.21,9.38,-16.62,3.69,-0.52,0.27,0.52,-2.12,23.87,-22.75,-0.43,0.48,1.56,-9.25,2.69,0.19,-0.18,-0.42,0.39,-2.0,-9.81,8.56,-0.04,-0.55,0.18,2.69,-3.56,8.0,circleCCW
-8.7,-8.17,7.85,18.69,197.75,-153.62,-9.31,3.79,14.47,-35.81,-181.25,-273.81,-6.66,10.27,-0.57,70.12,-396.37,-121.75,-4.1,0.35,-9.96,184.31,-272.0,211.31,-6.45,0.02,-7.51,102.62,39.88,272.69,-8.89,-4.38,-5.53,5.31,196.56,177.62,-6.49,-6.19,0.26,118.44,226.5,-22.31,-2.43,0.76,6.83,143.19,121.13,-192.87,-2.09,3.12,7.25,17.19,28.81,-84.06,0.73,0.31,0.5,3.44,-45.69,-4.81,-0.06,-0.66,-0.66,12.94,-13.69,8.63,-0.63,-1.43,0.31,2.06,13.0,8.56,-0.69,-0.11,0.67,6.12,9.25,3.87,-0.75,-0.73,0.78,1.31,5.5,4.75,-0.34,-1.33,0.5,-3.5,-0.13,6.19,circleCCW
-7.3,-5.76,-1.33,59.69,270.56,-100.56,-16.11,-4.11,15.44,-75.0,98.94,-314.06,-4.11,8.52,7.13,72.25,-346.25,-140.44,-3.56,6.41,-6.81,68.81,-386.94,8.94,-4.11,1.44,-9.35,257.37,-128.62,252.81,-8.49,-2.2,-5.55,106.19,129.75,227.44,-9.27,-4.15,-1.22,94.87,242.5,96.87,-4.23,0.23,7.55,184.06,174.75,-85.19,-1.49,5.02,7.66,83.31,37.31,-95.06,0.02,0.27,1.35,52.38,-51.31,-17.56,-0.41,-0.86,-0.73,5.62,-29.56,-5.12,-0.78,-0.87,-0.04,-11.94,6.37,-8.94,-1.02,-0.28,0.91,-35.75,8.75,-9.69,-1.01,-0.09,0.84,-4.25,-8.69,3.0,-1.16,-0.56,0.36,6.12,-13.88,8.44,circleCCW
-5.85,-12.48,9.96,-47.69,184.87,-263.12,-11.41,2.45,13.26,63.0,-185.75,-320.63,-3.92,8.66,-10.01,221.69,-428.81,39.75,-4.17,-0.25,-8.57,256.75,-173.62,279.19,-7.17,-3.38,-6.35,89.75,110.12,202.44,-9.24,-4.79,-2.57,27.5,280.94,50.63,-7.2,-3.98,5.75,145.44,248.38,-134.44,-6.12,8.19,7.41,77.94,68.94,-152.94,0.99,1.27,1.72,75.31,-54.0,-17.56,-0.28,-0.92,-0.73,31.69,-41.31,3.31,-1.31,-0.49,0.5,14.13,1.19,9.0,-0.87,-1.07,0.45,-3.06,11.88,4.81,-0.82,-0.65,0.82,9.25,7.37,0.25,-0.48,-0.32,0.75,6.87,-7.62,7.44,-0.49,-0.24,0.46,6.25,-16.62,13.25,circleCCW
-5.17,-8.91,-4.28,11.88,132.44,-64.25,-8.87,-11.13,11.3,13.56,131.81,-270.19,-5.56,9.91,6.83,79.75,-281.06,-224.94,-4.26,8.3,-9.54,180.69,-355.37,133.44,-5.5,1.08,-7.52,212.44,-61.25,305.75,-9.41,-1.4,-5.77,72.56,219.69,223.56,-8.57,-8.02,-1.17,22.25,293.25,38.63,-5.22,-1.59,11.57,60.06,124.62,-135.0,0.75,1.71,3.82,46.25,-59.0,-16.19,-0.24,-0.14,-1.75,48.44,-74.69,1.06,-0.59,-0.13,-1.08,32.63,-20.31,-1.75,-0.46,0.31,0.59,12.31,11.38,-5.19,-0.22,-0.57,0.21,0.19,-1.62,-5.69,-0.46,-0.38,0.25,1.25,-5.31,-0.94,-0.35,-0.37,0.12,-8.5,-10.81,1.75,circleCCW
3.15,2.75,-6.82,70.37,-133.25,32.63,-6.7,-4.38,-10.35,-47.62,274.81,63.44,-21.81,-5.94,13.52,-106.94,353.5,-243.81,-7.21,5.51,13.72,136.69,-184.31,-263.31,-3.13,8.66,-5.67,30.31,-361.56,-138.25,-4.3,2.57,-8.06,195.62,-283.56,86.12,-3.88,-0.73,-6.22,47.94,-21.69,198.56,-4.89,-0.66,-4.42,62.13,131.81,165.06,-2.81,-5.63,0.79,50.94,190.5,58.06,-1.97,0.74,6.74,33.38,124.31,-47.94,-0.08,0.15,3.31,31.87,-15.94,-15.38,-0.57,-0.68,0.03,29.25,-53.25,-9.38,0.53,-0.7,0.52,33.31,-39.44,-2.44,-0.25,-0.14,0.1,-2.62,-28.0,-8.56,-0.21,-0.02,-0.89,-3.19,-18.62,-1.19,circleCCW
-16.07,-12.49,9.13,1.62,435.19,-198.44,-9.51,4.51,19.17,-1.19,-126.25,-314.63,-5.77,9.14,0.48,81.31,-379.63,-170.38,-5.15,4.15,-11.26,232.44,-366.06,97.81,-4.86,0.59,-8.14,144.5,-76.12,233.75,-5.29,-0.89,-4.76,130.81,135.06,191.5,-5.67,-4.25,-1.39,30.0,237.88,73.06,-5.37,-1.94,3.78,97.94,227.56,-38.19,-2.26,2.26,7.74,36.69,45.06,-73.12,0.93,0.74,2.21,22.5,-49.25,-25.25,0.38,0.0,-1.31,49.94,-63.13,-6.25,0.27,-0.98,-0.65,36.31,-8.25,0.56,-0.21,-0.95,0.71,9.69,17.0,-4.44,0.53,-0.68,0.75,8.31,-5.25,-0.62,0.08,-0.18,0.87,-1.12,-10.88,-0.06,circleCCW
-12.49,-14.95,5.68,-65.87,419.44,-291.31,-12.58,3.7,18.81,62.0,-151.25,-322.56,-5.37,12.41,-5.76,147.44,-426.56,-69.37,-5.31,1.4,-11.22,176.94,-275.06,213.81,-6.79,-0.94,-7.35,52.5,8.69,275.94,-6.91,-1.5,-4.42,74.0,210.06,192.94,-7.39,-6.9,0.62,69.06,271.69,64.25,-2.83,0.94,8.2,125.31,87.31,-77.31,-0.26,0.41,4.43,20.69,-32.88,-54.31,0.6,-0.14,-1.03,52.62,-52.06,-20.31,-0.04,-0.87,-0.64,36.69,-17.0,-15.0,0.1,-0.29,0.54,-5.75,15.5,-12.94,0.21,0.57,0.68,19.37,-3.94,-7.75,0.39,-1.07,0.45,-1.44,-5.31,0.13,0.05,-0.92,0.49,-14.87,-3.87,1.62,circleCCW
-18.64,-8.51,13.5,96.87,312.63,-324.75,-7.09,13.11,11.61,138.0,-320.81,-208.56,-5.73,8.36,-6.8,78.56,-422.87,0.81,-4.78,2.12,-7.79,201.81,-189.69,221.69,-7.15,-2.44,-5.73,105.25,84.0,238.19,-10.69,-1.85,-5.18,22.5,291.94,142.5,-7.46,-4.76,6.03,181.31,238.69,-37.94,-5.84,0.04,9.23,91.37,51.81,-82.12,-0.38,-1.06,1.86,7.44,-24.25,-7.06,-0.5,-0.78,-0.93,18.62,-26.75,-10.5,-0.29,-1.02,-1.19,-2.94,8.25,-0.69,-0.9,-0.74,0.32,34.0,9.44,-12.25,-0.8,-0.58,1.1,-4.94,7.0,-2.94,-0.59,-0.65,0.57,4.12,-6.87,2.19,-0.74,-0.6,0.37,11.5,-14.25,6.19,circleCCW
-5.47,-14.55,1.92,-95.12,369.31,-206.44,-12.81,3.01,18.63,-20.19,-56.69,-295.06,-5.73,10.66,0.6,64.0,-387.75,-132.12,-5.38,4.85,-7.8,115.19,-359.44,70.37,-4.72,1.76,-7.67,239.12,-102.0,251.56,-7.32,-2.93,-5.52,97.44,162.94,194.31,-7.75,-5.17,0.01,110.37,291.38,39.0,-7.88,3.06,7.28,102.31,143.75,-88.12,-3.24,-0.49,5.31,-23.31,19.12,-49.06,0.24,1.05,0.18,16.44,-13.19,-11.0,-1.31,-0.15,-0.32,30.19,-9.25,-2.12,-1.49,-1.92,0.15,7.81,8.56,3.5,-1.09,-0.4,0.53,-2.81,0.88,-7.31,-0.99,-0.42,0.53,-2.25,-10.0,-3.31,-0.95,-0.7,-0.26,-14.31,-3.31,0.19,circleCCW
-16.89,-9.69,10.52,53.31,252.19,-264.56,-7.78,4.61,12.27,58.56,-250.69,-263.12,-6.13,8.96,-5.06,140.12,-414.63,-55.56,-4.15,0.43,-8.59,205.25,-233.0,217.75,-6.33,-0.5,-5.51,86.69,15.25,236.94,-8.68,-2.01,-6.18,-4.56,186.56,159.81,-6.29,-5.64,-0.57,85.62,247.37,32.63,-3.5,1.77,8.16,109.56,101.31,-64.94,-1.42,-0.1,3.32,58.25,-2.62,-13.06,-0.9,-1.6,-0.61,59.06,-32.56,-16.0,-1.29,-1.33,-0.55,-5.44,-3.81,-2.37,-0.68,-0.57,0.36,16.19,5.81,-4.69,-1.32,-0.38,0.85,17.25,3.25,-4.06,-1.03,0.12,0.59,9.75,-10.69,2.37,-1.15,-0.53,0.48,-1.81,-17.81,4.25,circleCCW
-5.86,-11.25,-4.95,-73.5,391.81,-125.31,-14.77,-2.49,16.67,28.62,35.19,-312.44,-5.61,10.4,2.83,126.0,-322.75,-200.81,-4.29,3.35,-6.28,140.62,-341.0,60.31,-3.94,0.75,-5.89,103.0,-152.06,210.13,-5.67,-0.49,-5.2,106.0,62.0,220.25,-5.95,-1.27,-3.87,-6.31,234.25,143.37,-6.08,-2.54,2.06,104.56,235.19,30.69,-4.3,0.36,6.23,85.06,56.19,-48.06,-0.76,0.43,2.52,92.44,-42.94,-35.38,-0.63,-1.12,0.16,47.75,-41.75,-21.19,-1.18,-0.4,-0.24,15.88,-30.88,-16.5,-1.11,-0.05,-0.29,9.25,-3.25,8.31,-0.94,-0.7,-0.12,15.63,-5.56,2.5,-0.95,-0.77,0.36,5.25,-8.06,3.62,circleCCW
-3.48,-10.09,-5.13,-113.12,403.31,-164.69,-20.89,2.79,17.3,86.5,18.19,-349.0,-7.56,10.89,3.96,120.0,-353.19,-157.0,-5.23,7.33,-7.84,103.06,-386.94,79.31,-4.52,0.85,-7.9,130.75,-153.0,247.12,-6.99,-0.31,-6.11,96.0,54.69,227.62,-6.5,-3.68,-4.21,85.69,185.31,136.37,-7.91,-2.64,3.52,95.31,242.87,-12.06,-3.81,-2.19,8.94,65.5,99.0,-80.75,-0.5,-2.01,2.27,19.44,-19.37,-25.06,0.02,-0.25,-0.46,10.75,-28.62,-14.56,-0.38,-0.27,-0.21,17.81,-4.56,-11.94,-0.1,-0.43,0.18,3.81,3.44,-5.75,-0.67,-0.19,0.44,9.75,-4.44,-3.94,-0.49,-0.53,0.21,1.25,-10.06,-0.56,circleCCW
-5.53,-11.92,-12.9,-61.94,391.5,-64.69,-22.51,-3.31,18.95,17.44,218.25,-379.38,-7.61,8.13,10.48,93.56,-278.06,-234.56,-5.13,9.07,-7.15,149.0,-377.5,33.19,-3.82,0.65,-7.97,161.44,-188.0,235.0,-4.38,-1.79,-6.25,118.25,58.87,227.25,-5.29,-3.35,-4.56,38.13,180.94,116.62,-4.24,-5.44,0.91,92.75,186.5,-15.88,-2.91,2.4,5.4,97.06,91.25,-94.62,0.15,0.4,3.07,32.38,-1.37,-26.19,0.0,-1.22,-0.04,39.13,-48.69,-6.5,0.03,0.04,-0.1,21.75,-30.56,6.06,0.01,-0.44,-0.14,0.37,-19.19,-0.75,-0.17,0.0,0.15,10.75,-10.63,4.56,-0.41,-0.27,0.24,-8.38,-4.0,3.62,circleCCW
-8.8,-4.51,-14.9,51.19,17.5,-8.13,-14.21,-12.86,1.25,-13.88,504.0,-178.94,-12.63,0.71,17.34,97.81,-78.5,-340.25,-3.48,11.96,0.94,120.69,-358.94,-174.5,-4.37,5.62,-8.15,123.94,-368.63,72.56,-5.38,-0.17,-7.97,142.06,-99.62,239.38,-8.21,-1.23,-4.86,27.37,142.25,202.25,-6.63,-9.26,3.18,165.31,143.81,71.56,0.22,0.13,6.2,60.69,29.19,-80.44,-0.24,-1.79,0.85,2.06,25.37,-13.69,-0.42,-1.14,-0.38,2.69,0.13,-14.5,-0.85,-0.14,0.55,5.31,22.06,-8.88,0.11,-0.51,0.75,2.75,7.75,5.5,-0.48,-0.89,0.51,-12.31,4.31,-7.69,-0.54,-0.3,0.79,2.44,-2.19,-6.62,circleCCW
-4.13,-5.22,-6.95,144.62,286.37,7.12,-24.27,-3.74,9.04,93.62,386.31,-260.25,-7.86,9.35,13.01,27.62,-220.06,-286.62,-5.26,9.2,-1.0,-34.56,-332.12,-181.75,-4.03,5.43,-9.02,186.88,-274.12,154.25,-5.33,-0.41,-7.26,100.94,-54.19,252.75,-6.12,-2.53,-4.69,76.56,135.44,198.81,-3.28,-1.61,-0.7,1.44,256.25,55.25,-5.04,2.01,8.02,87.25,63.0,-52.0,-0.04,1.37,1.33,107.5,-67.06,-14.5,-0.31,-1.16,-1.5,50.75,-49.69,-11.88,0.1,-0.32,-1.26,15.31,-10.19,-12.37,-0.15,-0.39,0.97,31.19,20.5,-11.69,-0.18,-0.34,1.04,22.0,-8.69,-7.44,-0.09,-0.52,0.08,-4.19,-12.13,-0.88,circleCCW
-5.85,-12.09,-0.99,-125.56,515.81,-125.94,-17.33,-3.43,17.6,51.37,38.81,-368.75,-4.45,13.37,0.33,181.75,-356.38,-144.06,-3.67,5.43,-7.78,152.25,-329.75,93.87,-3.84,0.54,-7.12,131.0,-117.87,239.19,-5.68,-0.91,-5.58,76.19,106.12,212.38,-5.81,-5.63,-3.14,58.75,237.56,103.38,-5.47,-0.38,6.53,102.0,181.63,-35.25,-1.26,1.43,5.34,26.62,4.56,-47.56,-0.27,0.02,0.51,39.56,-30.94,-15.69,-0.22,-0.7,-0.12,38.38,-19.87,-8.88,-0.43,-0.59,0.95,14.69,-4.37,-3.5,-0.14,-1.17,0.4,-3.56,-7.12,0.44,-0.27,-0.44,0.07,4.0,-5.94,2.94,-0.12,-1.28,0.08,-2.87,-3.37,1.62,circleCCW
-4.88,-7.77,-8.24,131.94,50.38,-24.5,-17.46,-5.76,10.22,-6.19,341.38,-278.5,-9.29,6.57,14.1,118.25,-188.12,-245.56,-3.83,9.98,-6.0,168.31,-384.31,13.38,-3.86,1.08,-8.57,81.44,-267.37,223.87,-5.02,-2.08,-7.34,72.56,-26.44,261.56,-6.74,-4.33,-5.28,51.44,160.5,160.12,-6.46,-4.26,-1.28,28.75,256.63,7.69,-3.24,-2.04,6.78,107.31,116.0,-92.19,-0.56,0.66,5.12,50.94,11.38,-28.31,-0.06,-0.87,0.97,1.06,-26.44,-11.56,-0.35,-0.6,-0.33,33.13,-28.0,-4.62,0.14,-1.12,0.77,3.69,-8.94,-9.13,-0.05,-0.06,0.51,-8.56,-9.5,-5.25,-0.11,-0.43,0.28,4.31,-5.56,1.87,circleCCW
-13.81,-7.97,15.52,-34.63,129.75,-288.25,-9.81,6.25,8.83,-23.81,-291.63,-311.19,-4.03,8.49,-9.18,184.19,-419.0,63.25,-5.25,0.51,-7.49,102.31,-126.12,270.88,-6.78,-2.87,-5.39,121.31,78.0,231.44,-6.3,-1.65,-2.17,75.12,195.44,102.5,-6.72,-2.98,3.43,38.25,194.25,-61.81,-3.11,-0.64,7.4,35.44,112.5,-89.44,-0.27,0.05,2.86,51.69,-10.5,-29.5,0.34,-0.27,0.04,12.63,-25.37,-8.63,-0.33,-0.03,-0.34,31.19,-0.94,4.25,-0.47,-0.92,0.45,26.5,3.56,-4.25,-0.52,-0.33,0.69,-9.13,5.81,-4.5,-0.46,0.03,0.74,12.37,-9.0,-2.69,-0.32,-0.71,0.43,9.63,-12.75,0.44,circleCCW
-3.47,-8.33,-9.32,-24.56,111.19,34.5,-19.15,1.3,16.49,29.25,268.69,-296.06,-9.12,5.45,13.74,47.94,-183.5,-313.0,-6.5,10.66,-3.2,128.56,-351.94,-92.31,-4.69,3.02,-8.2,152.38,-230.0,213.44,-5.7,-1.56,-6.52,117.75,-5.5,265.31,-5.15,-2.28,-1.72,46.19,173.69,157.62,-5.23,-2.89,0.4,84.87,248.94,25.88,-4.37,-1.86,5.46,35.63,145.31,-77.69,-1.35,0.43,4.49,9.94,-2.5,-48.56,0.53,0.93,-0.53,67.37,-53.25,-6.0,-0.09,-0.14,-0.52,49.0,-28.31,3.94,-0.46,-1.1,0.75,11.25,-4.0,4.31,-0.59,-0.65,0.67,2.75,-5.0,2.44,-0.41,-0.79,0.23,-5.06,-5.62,4.25,circleCCW
-10.2,-16.88,6.77,66.0,303.37,-247.88,-6.98,0.46,11.63,-6.75,-223.5,-327.87,-5.52,9.1,-5.85,199.94,-428.88,-54.38,-3.96,2.46,-8.6,179.5,-245.06,207.06,-6.74,-1.82,-6.14,147.0,62.19,239.25,-7.92,-4.08,-2.8,101.62,236.44,113.81,-6.58,-4.16,3.48,190.19,259.25,-51.25,-3.78,4.79,10.69,1.0,53.44,-82.31,0.38,0.67,1.88,10.88,-35.56,-14.13,-0.27,-0.6,-0.61,11.94,-28.25,-17.0,-0.09,-0.56,-0.31,34.19,-4.0,0.44,-0.02,-0.54,1.08,7.75,0.25,-7.37,-0.44,-0.45,0.73,-3.62,-4.44,-2.81,-0.55,-0.67,0.18,1.44,-2.62,-0.25,-0.37,-0.66,0.57,2.06,-3.69,-0.44,circleCCW
-3.27,-5.52,3.81,-50.31,167.13,-147.13,-10.86,-3.45,14.35,2.75,75.62,-288.25,-8.0,6.07,4.53,48.56,-324.44,-186.5,-4.6,6.03,-9.43,115.44,-386.75,101.0,-5.21,0.92,-8.61,191.88,-156.94,276.44,-6.1,-2.32,-4.43,114.56,125.0,210.69,-5.86,-3.26,-3.13,22.19,289.75,62.75,-6.86,-1.86,4.1,82.06,295.94,-83.06,-4.03,-0.21,7.09,53.5,47.31,-86.37,0.22,-0.25,0.6,77.94,-68.94,-12.75,0.08,-0.89,-0.55,20.25,-33.81,0.62,0.0,0.36,0.16,42.19,-4.37,5.75,-0.39,-1.4,1.16,30.19,-6.81,-2.31,-0.21,-1.08,0.58,14.87,-23.19,-2.62,-0.37,-0.61,0.45,-0.31,-10.5,-0.13,circleCCW
-3.01,-5.45,-4.96,-25.37,296.56,-45.56,-22.36,-6.04,11.87,-25.19,161.25,-292.0,-4.21,8.43,6.14,143.25,-337.75,-153.56,-3.04,6.28,-6.16,66.75,-376.5,-13.06,-3.3,1.56,-8.27,121.56,-185.5,168.56,-5.25,-0.89,-7.14,116.62,50.81,223.19,-6.91,-1.3,-4.41,63.19,249.31,135.56,-7.67,-6.22,4.63,75.81,282.25,-2.75,-4.12,1.15,9.47,29.31,98.56,-102.5,1.03,0.98,4.8,38.88,-30.44,-26.56,0.5,-0.44,-0.26,46.37,-69.56,-7.25,0.64,-0.74,-0.19,19.5,-34.56,4.62,0.58,-1.26,0.56,24.5,-17.75,4.87,0.24,-1.07,0.35,1.12,-25.69,6.62,0.23,-1.18,0.06,-0.88,-20.06,13.38,circleCCW
-12.68,-18.09,4.76,-82.88,475.75,-248.5,-11.8,4.71,16.21,78.5,-112.81,-289.87,-4.75,7.53,1.13,55.5,-344.62,-236.25,-5.17,5.92,-7.73,174.62,-349.62,47.13,-5.14,0.23,-8.52,169.25,-113.69,268.63,-7.78,-1.06,-6.35,124.44,123.5,241.94,-8.36,-4.57,-4.03,58.31,295.88,132.06,-7.62,0.09,8.82,87.75,214.0,-72.69,-1.58,-0.19,6.7,110.19,-13.19,-58.81,0.71,-0.97,0.74,5.81,-48.56,-22.81,0.31,-0.21,-0.58,14.44,-37.69,-19.44,0.07,-0.23,0.33,11.88,-19.44,-4.37,-0.05,-0.37,0.53,-10.13,-3.12,1.81,0.46,-0.74,0.01,3.19,-8.94,4.62,0.26,-0.64,0.22,2.81,-12.31,2.75,circleCCW
-2.48,-4.41,-2.79,58.25,307.19,-59.19,-14.85,-9.97,19.38,83.87,181.25,-230.0,-8.96,7.35,12.74,35.75,-243.5,-233.81,-9.61,11.1,-4.6,157.56,-411.5,-74.44,-6.45,3.19,-11.49,238.87,-287.56,228.88,-7.8,0.8,-8.64,162.81,56.63,286.87,-8.9,-3.75,-7.37,-45.12,303.31,167.0,-9.25,-4.9,7.7,35.69,281.25,10.81,-2.9,-0.33,9.26,90.81,39.38,-75.12,1.22,0.79,1.3,83.75,-61.19,-34.19,0.64,-0.75,0.04,42.88,-39.5,-15.31,0.7,-1.1,0.13,13.56,-16.06,3.44,0.21,-0.83,0.3,8.38,-8.56,2.12,0.07,-1.26,-0.08,-0.31,-1.5,-0.69,-0.33,-1.14,0.47,-1.25,3.06,2.5,circleCCW
-3.57,-6.35,-7.11,-21.31,119.37,-4.87,-12.72,-20.74,6.31,49.63,304.87,-216.56,-9.7,-0.52,14.48,89.94,-126.87,-292.19,-6.44,12.08,-2.78,133.44,-369.81,-100.5,-5.22,4.15,-10.39,180.94,-278.81,177.25,-6.82,-1.88,-7.92,161.06,-41.13,259.5,-8.66,-3.81,-4.53,48.06,198.25,185.25,-1.35,-5.97,6.38,201.19,106.87,-30.37,-0.69,0.74,6.9,67.31,16.0,-52.44,0.88,-1.14,1.29,-7.31,-8.5,3.5,-0.36,-0.22,-0.11,19.62,-17.81,-6.06,-0.59,-0.96,0.11,-1.44,10.19,-3.81,0.09,-0.71,0.34,5.5,2.0,-13.13,0.16,-0.62,0.99,-0.13,-8.56,-14.87,0.4,-0.53,0.29,-6.81,-13.31,-5.94,circleCCW
-4.26,-6.94,-9.65,92.0,119.5,-9.69,-14.09,-3.44,6.71,67.75,373.19,-244.44,-11.3,5.57,16.04,52.94,-141.31,-267.75,-4.17,9.91,-0.93,35.69,-359.06,-153.94,-3.15,4.78,-9.01,126.81,-310.75,108.44,-3.97,-1.08,-8.66,58.5,-95.94,213.69,-4.87,-2.53,-6.08,19.19,107.25,209.44,-5.6,-5.35,-1.08,44.06,209.94,116.06,-2.06,-1.13,7.95,101.19,128.44,-38.94,0.63,-0.4,4.05,80.12,-23.19,-14.44,0.25,-2.03,0.25,-3.5,-29.44,-13.44,0.08,-0.29,-0.02,17.81,-10.75,-12.56,0.43,-1.18,0.39,48.87,-7.69,-1.12,0.24,-1.56,0.61,-3.56,-11.63,-0.69,0.42,-0.79,0.61,-5.44,-8.44,-2.25,circleCCW
-5.7,-12.74,-0.74,35.31,442.25,-145.94,-19.66,-5.74,19.62,-7.87,57.62,-327.75,-7.98,7.62,6.1,118.44,-324.5,-237.63,-3.13,7.3,-7.57,113.25,-355.19,28.0,-3.15,0.87,-8.76,101.0,-167.19,215.56,-3.77,-1.9,-5.48,59.94,8.13,224.5,-3.06,-1.69,-1.55,77.31,96.19,150.38,-2.9,-3.93,1.54,77.5,115.44,51.88,-1.37,-1.31,3.13,61.81,110.75,-26.12,-1.07,-2.04,3.63,13.88,85.19,-24.69,-0.87,-2.23,2.36,1.62,20.06,-22.44,-0.13,-1.63,1.26,9.75,-7.62,-13.13,-0.1,-1.16,1.35,3.62,-9.5,-4.06,0.02,-1.68,0.89,-17.56,-10.94,-4.75,0.46,-1.65,0.46,-9.13,-15.88,-3.87,circleCCW
-8.58,-8.92,0.09,15.94,447.63,-184.56,-19.21,-5.92,16.15,122.44,56.56,-332.62,-6.3,8.12,4.66,116.5,-293.06,-221.37,-2.61,7.59,-6.25,118.5,-344.44,65.69,-2.74,0.97,-8.25,150.38,-180.5,226.75,-5.46,-1.85,-6.52,82.44,39.06,224.5,-5.48,-2.78,-3.47,65.44,213.19,146.94,-7.25,-5.05,3.69,83.31,220.56,44.13,-1.48,-2.49,6.88,37.31,30.69,-39.75,-0.03,-0.1,0.72,19.87,-29.37,-41.63,0.44,-1.37,0.21,-9.44,-4.31,-37.5,0.25,-0.57,1.04,35.75,5.62,-13.62,0.08,-0.88,0.85,21.0,-1.5,-6.37,0.45,-1.36,0.24,20.0,-6.0,-3.0,0.31,-1.39,0.65,-0.19,-5.87,-6.31,circleCCW
-6.53,-9.37,2.19,3.5,435.13,-195.06,-8.19,5.01,18.88,67.5,-123.0,-220.31,-4.7,10.11,2.22,57.06,-342.19,-161.44,-4.87,6.61,-6.68,113.19,-330.87,28.31,-3.98,1.21,-8.85,108.37,-153.94,190.31,-5.82,-0.42,-6.55,71.25,90.19,205.62,-6.07,-5.19,-3.51,54.56,204.94,137.94,-3.44,-1.65,8.26,180.5,167.56,-56.37,-1.93,2.21,9.67,57.69,28.31,-38.19,0.19,0.09,1.03,8.38,-37.38,-11.19,0.39,-0.6,-1.01,37.5,-32.5,4.56,0.79,-0.93,0.18,10.38,3.69,-5.62,0.1,-0.49,0.72,12.13,4.75,-7.0,0.01,-0.85,0.5,-9.19,-0.88,1.81,0.17,-0.67,0.78,-0.75,-11.12,4.87,circleCCW
-5.09,-7.38,-11.22,-15.06,459.81,-37.69,-20.1,-18.74,13.77,52.13,259.81,-253.37,-9.44,5.96,12.8,93.25,-198.19,-268.56,-5.35,10.73,-3.02,133.5,-360.94,-93.19,-3.96,4.63,-7.32,119.19,-280.19,146.75,-4.67,-0.65,-8.34,100.0,-83.69,244.13,-4.53,-2.58,-6.12,22.94,110.56,204.44,-7.9,-4.9,1.39,56.19,242.06,105.81,-2.46,-2.98,5.11,36.81,78.69,-28.0,-0.52,-0.18,3.55,70.31,15.5,-43.13,-0.12,-1.11,1.58,51.06,-15.44,-27.5,0.89,-0.67,0.33,39.88,-34.81,-22.5,0.72,-1.34,0.9,-7.44,4.0,-9.25,0.34,-0.84,1.21,2.87,-15.5,-6.69,0.22,-0.99,0.58,-15.19,-19.5,0.56,circleCCW
-6.08,-0.95,-13.36,49.0,-20.06,26.56,-6.17,-13.21,-3.97,-68.5,438.37,-71.44,-18.13,-4.16,14.67,117.87,155.81,-294.81,-6.09,4.99,9.66,98.44,-208.38,-241.19,-2.6,9.48,-4.79,117.25,-366.63,-25.31,-3.27,4.14,-8.86,150.81,-236.12,185.44,-4.63,-1.43,-7.37,92.81,-27.31,238.0,-4.94,-2.56,-4.88,46.88,148.44,171.5,-5.46,-6.09,1.29,24.81,227.19,77.75,-2.21,-2.71,4.45,52.75,107.81,-24.69,-0.6,-2.07,2.7,41.13,-2.56,-44.63,-0.43,-1.11,1.0,31.56,-14.25,-25.0,0.55,-0.68,1.24,39.13,-15.5,-21.87,0.66,-0.51,1.16,18.37,-11.19,-16.06,0.95,-0.78,0.48,-5.31,-0.19,-2.62,circleCCW
-2.91,-3.03,-7.88,17.75,190.19,2.94,-15.64,-13.98,9.35,-11.06,370.12,-205.12,-9.75,1.11,14.23,26.25,-60.0,-299.0,-5.18,11.3,1.57,139.06,-338.0,-175.19,-2.61,5.86,-8.08,202.94,-324.81,97.37,-3.27,0.92,-7.47,95.31,-117.19,231.19,-5.87,-1.3,-5.7,72.81,94.31,224.31,-3.83,-5.04,-0.04,88.12,177.38,128.38,-3.22,-2.74,5.17,61.19,125.75,1.12,-1.64,-1.2,3.09,58.81,27.87,-34.44,-0.67,-0.99,1.29,34.13,12.63,-9.19,0.81,-1.31,1.09,36.31,-7.06,-18.19,0.78,-1.22,0.58,3.19,4.12,-18.94,0.53,-0.58,0.84,12.56,-3.62,-5.5,0.54,-0.51,0.8,5.56,-3.25,0.13,circleCCW
-6.19,-5.27,-8.35,86.56,101.56,-39.0,-15.04,-5.61,4.73,182.31,370.75,-243.19,-8.26,6.73,13.98,26.5,-158.37,-243.94,-1.33,8.93,-1.9,93.87,-371.87,-86.06,-1.14,3.72,-8.97,152.5,-300.94,129.06,-5.14,1.43,-8.16,139.5,16.81,271.06,-7.55,-6.46,-4.52,36.13,194.5,183.25,-4.73,-4.67,3.4,20.37,185.81,22.37,-2.34,0.03,7.13,52.0,88.56,-63.31,-0.27,-0.25,3.26,1.87,-5.69,-24.63,0.68,-0.62,0.27,21.87,-25.0,-4.12,0.35,-0.41,0.29,18.19,-4.62,-7.75,0.53,-0.88,0.49,19.62,-4.87,-3.94,0.55,-0.9,0.7,-1.81,-9.25,-0.94,0.32,-0.92,0.46,-4.31,-13.44,4.06,circleCCW
-0.69,-1.16,-14.18,52.69,-61.56,-10.5,-4.77,-7.37,-6.63,66.31,501.63,-66.56,-19.72,-7.46,18.5,129.56,114.81,-222.81,-5.11,5.53,9.18,-32.06,-172.75,-273.19,-4.95,10.21,-2.47,112.5,-311.5,-163.25,-1.88,4.11,-8.46,197.69,-281.75,108.06,-3.84,0.71,-7.66,116.37,-66.37,235.44,-5.44,-0.44,-5.36,13.25,126.5,216.44,-4.56,-7.27,-0.6,70.56,186.56,124.44,-2.52,-1.48,6.58,27.25,127.06,-44.25,-1.41,0.11,5.61,56.44,23.0,-44.69,0.45,-0.26,0.76,43.13,-24.12,-18.5,0.35,-1.1,-0.05,23.06,-16.94,-12.69,0.02,-1.02,0.49,42.19,9.81,10.0,0.29,-0.89,1.19,-14.44,-1.69,3.06,circleCCW
-13.97,-6.12,9.85,18.69,368.0,-189.13,-11.75,4.15,14.01,90.19,-98.94,-304.06,-5.3,11.33,-1.45,176.94,-359.75,-168.0,-3.08,4.74,-9.6,178.31,-282.44,149.94,-3.52,-0.72,-8.66,138.62,-48.25,257.5,-5.11,-0.55,-5.33,33.19,165.37,182.56,-5.01,-7.48,1.93,53.81,208.94,88.5,-2.11,-2.45,5.44,81.81,103.12,-38.38,-0.03,-0.43,4.36,87.19,19.69,-24.25,-0.07,-1.15,1.34,41.19,-14.19,-14.0,0.9,-2.09,0.18,33.75,-29.12,-20.0,0.37,-1.36,1.19,4.75,3.69,-13.25,0.45,-0.35,1.19,14.69,-24.0,9.56,0.67,-1.51,0.81,6.56,-31.81,13.69,0.47,-1.88,0.53,4.62,-22.87,5.06,circleCCW
-13.95,-14.14,10.44,-8.81,328.19,-155.87,-8.37,-0.61,13.56,16.25,-77.81,-305.25,-4.37,8.52,2.12,129.19,-288.87,-226.69,-2.25,6.12,-6.24,182.62,-318.56,-0.19,-3.16,3.2,-8.13,133.63,-135.94,204.0,-6.29,-0.43,-7.23,15.94,51.0,237.88,-5.35,-4.03,-2.93,50.12,212.75,172.44,-4.01,-2.93,7.57,105.31,164.13,-16.0,-0.89,-0.36,6.36,72.75,37.56,-30.94,1.01,-1.14,1.64,43.75,-21.37,-25.75,0.58,-1.48,0.67,15.44,-25.19,-13.19,0.3,-1.79,0.51,-7.87,-12.31,3.5,0.04,-1.53,0.07,-3.62,-5.37,4.5,-0.05,-1.46,0.48,5.94,-1.94,3.56,-0.13,-1.25,0.53,-0.13,-2.12,1.5,circleCCW
-3.36,1.77,-13.75,51.44,87.19,52.19,-10.81,-6.86,2.53,-167.5,515.5,-147.69,-12.9,-1.1,17.7,114.19,-11.88,-262.56,-3.45,9.06,3.14,101.81,-281.0,-173.62,-2.52,7.45,-4.72,100.06,-319.25,-42.38,-2.61,3.98,-6.88,123.56,-216.38,124.38,-5.29,-0.57,-6.68,56.5,-30.44,192.06,-5.49,0.84,-4.28,92.12,130.12,187.81,-6.04,-5.28,0.96,37.88,241.81,101.94,-2.66,-1.58,7.37,54.19,141.37,-29.56,0.42,1.11,4.88,57.56,3.31,-46.56,0.23,-0.47,-0.23,30.31,-28.12,-16.87,0.62,-1.23,-0.91,39.56,-25.69,-10.63,0.1,-0.77,0.83,11.56,-11.81,-12.37,0.06,-0.41,0.62,-13.56,-9.25,-6.62,circleCCW
-11.52,-12.19,6.98,87.37,332.81,-225.19,-10.23,7.89,15.08,4.75,-147.25,-259.12,-5.14,7.08,-0.17,77.5,-353.81,-162.81,-2.08,4.71,-7.17,163.87,-338.19,78.56,-2.24,1.05,-6.49,97.62,-139.69,198.19,-4.86,-1.85,-6.86,46.81,39.38,202.69,-5.62,-3.13,-4.7,38.69,195.87,132.69,-3.27,-5.36,1.88,119.06,213.94,15.81,-1.77,0.53,7.81,67.56,67.06,-45.12,0.3,-0.42,3.68,32.81,-18.87,-15.06,0.19,-1.3,-0.6,29.19,-37.44,-16.44,0.42,-1.03,0.05,15.19,-9.06,-7.69,0.89,-1.02,0.89,0.75,0.31,-8.13,0.35,-1.35,0.7,-14.06,-10.75,-5.87,0.0,-0.49,0.44,-9.19,-15.06,-0.88,circleCCW
-9.74,-12.17,-4.35,-45.19,477.81,-141.37,-9.89,-0.15,16.17,30.75,-12.94,-265.87,-3.9,7.13,3.19,123.0,-296.0,-194.81,-2.72,7.6,-6.08,119.87,-322.94,60.44,-3.37,2.06,-7.3,81.25,-160.81,196.0,-5.41,-0.07,-6.83,74.12,14.63,226.44,-5.78,-3.77,-2.55,29.44,167.19,164.31,-4.1,-6.42,2.83,142.75,192.44,58.63,-1.45,-2.44,5.43,71.12,20.0,-34.69,0.09,-1.78,1.09,31.94,-31.25,-32.19,0.19,-1.13,-0.48,30.75,-23.12,-23.06,0.85,-0.61,1.03,0.62,10.5,-3.62,0.28,-0.55,0.72,5.19,-12.56,-4.37,-0.21,-0.66,0.06,5.37,-10.06,-2.94,0.12,-0.46,0.64,7.31,-10.44,2.06,circleCCW
-4.94,-7.9,0.54,6.06,477.37,-31.06,-14.46,-0.26,15.32,121.37,110.75,-272.37,-8.79,6.74,7.22,94.5,-264.19,-261.81,-6.27,9.9,-5.61,160.37,-368.88,-49.31,-3.97,2.51,-7.99,159.06,-209.44,190.19,-6.16,-0.84,-7.13,85.62,-0.37,246.81,-5.53,-4.05,-2.72,19.69,138.81,184.0,-4.68,-1.74,2.88,151.81,165.69,44.31,-1.68,-0.59,4.89,54.19,85.0,-22.62,-0.67,0.44,2.31,59.19,20.56,-27.31,0.12,-0.88,1.35,66.87,-18.25,-31.5,0.0,-1.02,0.7,16.81,-11.31,-15.69,-0.25,-0.85,0.02,14.06,-11.69,-16.25,0.0,-0.59,0.05,-3.44,-6.06,-6.31,-0.23,-0.73,0.2,-1.12,-5.44,0.31,circleCCW
-6.7,-10.25,-0.63,-110.94,499.75,-138.31,-16.65,-2.14,17.4,124.56,75.94,-286.37,-5.88,6.7,5.02,86.5,-326.5,-204.0,-3.8,7.33,-5.83,111.56,-377.38,2.44,-2.58,3.07,-7.57,144.62,-172.75,204.25,-6.49,-1.88,-6.73,77.87,33.06,229.87,-6.85,-3.96,-3.56,74.62,194.56,143.62,-5.7,1.06,3.12,95.25,253.19,23.44,-3.82,-0.72,9.66,106.5,79.94,-62.31,-0.16,-0.13,3.71,117.06,-65.31,-25.25,-0.03,-0.36,-0.35,-6.87,-59.31,-4.0,-0.49,-0.33,-0.92,-0.19,-21.5,6.37,-0.48,-0.62,0.4,0.62,10.13,4.81,-0.58,-0.94,1.08,9.38,4.25,1.0,-0.79,-1.22,0.7,5.44,-6.5,3.06,circleCCW
-12.82,-9.8,5.07,-13.19,366.0,-206.13,-9.66,-1.34,16.69,-41.31,-85.94,-302.0,-6.59,10.14,0.2,135.94,-360.75,-167.94,-4.99,3.8,-7.63,153.06,-359.12,60.0,-3.98,-0.24,-6.64,140.37,-159.44,211.87,-4.94,-2.44,-4.42,45.88,11.12,203.56,-5.7,-2.18,-2.09,38.38,128.69,154.06,-6.33,-0.86,-0.82,111.5,158.25,83.81,-1.92,-2.51,1.58,99.75,134.44,-26.0,-2.57,-1.16,5.71,58.63,99.37,-63.0,-1.41,-0.47,3.69,20.81,13.5,-30.94,-0.55,-0.75,0.56,12.56,-23.06,-7.12,-0.62,-0.56,-0.41,35.38,-12.88,-0.31,-0.59,-1.23,0.07,20.44,22.31,-3.5,-0.5,-0.64,0.92,6.25,20.75,-13.13,circleCCW
